common_region,year,ev_scenario,ev_sales,ev_stock,ev_electricity_twh,ev_sales_cars,ev_stock_cars,ev_sales_bev,ev_sales_phev,ev_sales_fcev
Africa,2013,Historical,68.0,34.0,0.0,34.0,34.0,68.0,0.0,0.0
Africa,2014,Historical,29.0,97.0,0.0,15.0,49.0,28.0,1.0,0.0
Africa,2015,Historical,440.0,410.0,0.0,240.0,280.0,320.0,120.0,0.0
Africa,2016,Historical,525.0,880.0,0.0,380.0,660.0,245.0,280.0,0.0
Africa,2017,Historical,330.0,1040.0,0.0,202.0,870.0,200.0,130.0,0.0
Africa,2018,Historical,334.0,1256.0,0.0,230.0,1100.0,204.0,130.0,0.0
Africa,2019,Historical,854.0,2000.0,0.0,450.0,1550.0,694.0,160.0,0.0
Africa,2020,Historical,1475.0,3326.0,0.0,430.0,1940.0,1265.0,210.0,0.0
Africa,2021,Historical,2497.0,5560.0,0.0,1071.0,3001.0,2326.0,170.0,1.0
Africa,2022,Historical,8712.0,13608.0,0.0,2562.0,5403.0,8250.0,460.0,2.0
Africa,2023,Historical,10890.0,26261.0,0.0,3790.0,9303.0,10200.0,690.0,0.0
Africa,2024,Historical,20500.0,45803.0,0.0,10500.0,19203.0,18400.0,2100.0,0.0
Asia Pacific,2010,Historical,46532.0,56787.0,0.0,4442.0,6340.0,46190.0,340.0,2.0
Asia Pacific,2011,Historical,50950.0,107780.0,0.0,19340.0,24680.0,50450.0,500.0,0.0
Asia Pacific,2012,Historical,2040111.0,2073740.0,0.0,35001.0,62000.0,2028600.0,11510.0,1.0
Asia Pacific,2013,Historical,2352604.0,4225700.0,0.0,46004.0,107000.0,2335800.0,16800.0,4.0
Asia Pacific,2014,Historical,2821507.0,6850100.0,0.0,110007.0,209000.0,2773500.0,48000.0,7.0
Asia Pacific,2015,Historical,3025420.0,9909427.0,0.0,236420.0,450410.0,2936000.0,89000.0,420.0
Asia Pacific,2016,Historical,3511700.0,13155518.0,0.0,371100.0,811500.0,3413000.0,97600.0,1100.0
Asia Pacific,2017,Historical,4400540.0,18062758.0,0.0,670920.0,1492400.0,4239000.0,160240.0,1300.0
Asia Pacific,2018,Historical,6398992.0,25386417.0,0.0,1221500.0,2603800.0,6085000.0,311200.0,2792.0
Asia Pacific,2019,Historical,7692373.0,33684876.0,0.0,1164900.0,3768700.0,7423000.0,261358.0,8015.0
Asia Pacific,2020,Historical,10078090.0,43064637.0,0.0,1255500.0,5014000.0,9808000.0,261830.0,8260.0
Asia Pacific,2021,Historical,14681809.0,56820472.0,0.0,3522000.0,8626000.0,14056000.0,611580.0,14229.0
Asia Pacific,2022,Historical,16304870.0,68009173.0,0.0,6411000.0,14537000.0,14686000.0,1602860.0,16010.0
Asia Pacific,2023,Historical,18978635.0,93042103.0,0.0,8805100.0,23242000.0,16165000.0,2801635.0,12000.0
Asia Pacific,2024,Historical,22334735.0,114455503.0,0.0,12003500.0,35045000.0,17323000.0,5000035.0,11700.0
Australia,2011,Historical,49.0,49.0,0.0,49.0,49.0,49.0,0.0,0.0
Australia,2012,Historical,250.0,300.0,0.0,250.0,300.0,170.0,80.0,0.0
Australia,2013,Historical,290.0,590.0,0.0,290.0,590.0,190.0,100.0,0.0
Australia,2014,Historical,1320.0,1880.0,0.0,1320.0,1880.0,370.0,950.0,0.0
Australia,2015,Historical,1760.0,3600.0,0.0,1760.0,3600.0,760.0,1000.0,0.0
Australia,2016,Historical,1850.0,5000.0,0.0,1370.0,5000.0,1150.0,700.0,0.0
Australia,2017,Historical,3020.0,7300.0,0.0,2300.0,7300.0,1920.0,1100.0,0.0
Australia,2018,Historical,4600.0,11900.0,0.0,3600.0,10900.0,2800.0,1800.0,0.0
Australia,2019,Historical,10500.0,22900.0,0.0,9200.0,20600.0,7600.0,2900.0,0.0
Australia,2020,Historical,9300.0,31700.0,0.0,6900.0,27000.0,7600.0,1700.0,0.0
Australia,2021,Historical,22044.0,54344.0,0.0,20444.0,48044.0,18600.0,3400.0,44.0
Australia,2022,Historical,41015.0,96500.0,0.0,38915.0,88100.0,35100.0,5900.0,15.0
Australia,2023,Historical,106106.0,199065.0,0.0,98006.0,181065.0,95100.0,11000.0,6.0
Australia,2024,Historical,118824.0,326089.0,0.0,112024.0,302089.0,97800.0,21000.0,24.0
Austria,2010,Historical,0.0,350.0,0.0,0.0,350.0,0.0,0.0,0.0
Austria,2011,Historical,0.0,990.0,0.0,0.0,990.0,0.0,0.0,0.0
Austria,2012,Historical,610.0,2150.0,0.0,0.0,1540.0,610.0,0.0,0.0
Austria,2013,Historical,960.0,3430.0,0.0,650.0,2510.0,960.0,0.0,0.0
Austria,2014,Historical,2116.0,5483.0,0.0,1706.0,4183.0,2110.0,0.0,6.0
Austria,2015,Historical,3204.0,8206.0,0.0,2804.0,6506.0,2100.0,1100.0,4.0
Austria,2016,Historical,6200.0,17213.0,0.0,5000.0,11413.0,5000.0,1200.0,0.0
Austria,2017,Historical,8402.0,25019.0,0.0,7102.0,18919.0,6700.0,1700.0,2.0
Austria,2018,Historical,11007.0,34324.0,0.0,9107.0,26724.0,8700.0,2300.0,7.0
Austria,2019,Historical,13719.0,47441.0,0.0,11519.0,38041.0,11500.0,2200.0,19.0
Austria,2020,Historical,26214.0,71045.0,0.0,23614.0,60045.0,18600.0,7600.0,14.0
Austria,2021,Historical,51614.0,120055.0,0.0,48014.0,106055.0,36600.0,15000.0,14.0
Austria,2022,Historical,50814.0,169062.0,0.0,47014.0,152062.0,37800.0,13000.0,14.0
Austria,2023,Historical,67810.0,238062.0,0.0,65010.0,218062.0,50800.0,17000.0,10.0
Austria,2024,Historical,65501.0,297062.0,0.0,62001.0,275062.0,48500.0,17000.0,1.0
Brazil,2010,Historical,10.0,0.0,0.0,10.0,0.0,10.0,0.0,0.0
Brazil,2011,Historical,8.0,0.0,0.0,8.0,0.0,8.0,0.0,0.0
Brazil,2012,Historical,40.0,0.0,0.0,40.0,0.0,22.0,18.0,0.0
Brazil,2013,Historical,79.0,0.0,0.0,72.0,0.0,46.0,33.0,0.0
Brazil,2014,Historical,74.0,61.0,0.0,61.0,61.0,74.0,0.0,0.0
Brazil,2015,Historical,92.0,148.0,0.0,89.0,148.0,64.0,28.0,0.0
Brazil,2016,Historical,183.0,325.0,0.0,177.0,325.0,136.0,47.0,0.0
Brazil,2017,Historical,448.0,680.0,0.0,430.0,680.0,158.0,290.0,0.0
Brazil,2018,Historical,415.0,1054.0,0.0,410.0,1050.0,185.0,230.0,0.0
Brazil,2019,Historical,1954.0,3005.0,0.0,1940.0,2990.0,554.0,1400.0,0.0
Brazil,2020,Historical,3858.0,6627.0,0.0,2600.0,5400.0,2058.0,1800.0,0.0
Brazil,2021,Historical,14871.0,21571.0,0.0,13901.0,19401.0,3870.0,11000.0,1.0
Brazil,2022,Historical,23222.0,46403.0,0.0,18502.0,39003.0,13220.0,10000.0,2.0
Brazil,2023,Historical,56910.0,103603.0,0.0,52000.0,92003.0,23910.0,33000.0,0.0
Brazil,2024,Historical,130700.0,231803.0,0.0,125000.0,214003.0,67700.0,63000.0,0.0
Bulgaria,2015,Historical,21.0,0.0,0.0,21.0,0.0,21.0,0.0,0.0
Bulgaria,2016,Historical,13.0,0.0,0.0,13.0,0.0,5.0,8.0,0.0
Bulgaria,2017,Historical,106.0,0.0,0.0,106.0,0.0,68.0,38.0,0.0
Bulgaria,2018,Historical,216.0,0.0,0.0,216.0,0.0,190.0,26.0,0.0
Bulgaria,2019,Historical,236.0,0.0,0.0,236.0,0.0,180.0,56.0,0.0
Bulgaria,2020,Historical,181.0,0.0,0.0,181.0,0.0,140.0,41.0,0.0
Bulgaria,2021,Historical,550.0,0.0,0.0,550.0,0.0,430.0,120.0,0.0
Bulgaria,2022,Historical,1140.0,0.0,0.0,1140.0,0.0,1000.0,140.0,0.0
Bulgaria,2023,Historical,2160.0,0.0,0.0,2160.0,0.0,1800.0,360.0,0.0
Bulgaria,2024,Historical,2170.0,0.0,0.0,2170.0,0.0,1700.0,470.0,0.0
Canada,2010,Historical,1.0,5.0,0.0,0.0,5.0,1.0,0.0,0.0
Canada,2011,Historical,522.0,557.0,0.0,520.0,555.0,222.0,300.0,0.0
Canada,2012,Historical,1929.0,2446.0,0.0,1920.0,2435.0,629.0,1300.0,0.0
Canada,2013,Historical,3119.0,5535.0,0.0,3100.0,5505.0,1619.0,1500.0,0.0
Canada,2014,Historical,5120.0,10755.0,0.0,5100.0,10705.0,2820.0,2300.0,0.0
Canada,2015,Historical,6842.0,17697.0,0.0,6800.0,17605.0,4428.0,2405.0,9.0
Canada,2016,Historical,11649.0,29141.0,0.0,11600.0,29005.0,5249.0,6400.0,0.0
Canada,2017,Historical,16771.0,47198.0,0.0,16700.0,47005.0,8771.0,8000.0,0.0
Canada,2018,Historical,44076.0,87274.0,0.0,44000.0,87005.0,23076.0,21000.0,0.0
Canada,2019,Historical,51208.0,136494.0,0.0,51079.0,136096.0,32129.0,19000.0,79.0
Canada,2020,Historical,54203.0,215750.8,0.0,51016.0,212130.0,38773.0,15400.0,30.0
Canada,2021,Historical,92846.0,309370.0,0.0,87130.0,300250.0,62060.0,30600.0,186.0
Canada,2022,Historical,126365.0,430394.0,0.0,115019.0,410300.0,99200.0,27100.0,65.0
Canada,2023,Historical,187158.0,585927.0,0.0,171013.0,550320.0,142020.0,45100.0,38.0
Canada,2024,Historical,271819.0,917616.0,0.0,252020.0,860320.0,203380.0,68400.0,39.0
Central and South America,2010,Historical,13.0,0.0,0.0,10.0,0.0,13.0,0.0,0.0
Central and South America,2011,Historical,24.0,6.0,0.0,15.0,6.0,24.0,0.0,0.0
Central and South America,2012,Historical,15170.0,15038.0,0.0,71.0,38.0,15152.0,18.0,0.0
Central and South America,2013,Historical,15232.0,30066.0,0.0,100.0,66.0,15198.0,34.0,0.0
Central and South America,2014,Historical,15137.0,44189.0,0.0,107.0,175.0,15109.0,28.0,0.0
Central and South America,2015,Historical,16247.0,59637.0,0.0,176.0,351.0,16158.0,89.0,0.0
Central and South America,2016,Historical,110449.0,171051.0,0.0,380.0,720.0,110270.0,179.0,0.0
Central and South America,2017,Historical,120878.0,291834.0,0.0,800.0,1450.0,120453.0,425.0,0.0
Central and South America,2018,Historical,131772.0,413502.0,0.0,1550.0,2900.0,131032.0,740.0,0.0
Central and South America,2019,Historical,124703.0,538246.0,0.0,4000.0,6900.0,122703.0,2000.0,0.0
Central and South America,2020,Historical,16767.0,543813.0,0.0,4900.0,11700.0,14266.0,2500.0,1.0
Central and South America,2021,Historical,35122.0,566454.0,0.0,21202.0,33002.0,21120.0,14000.0,2.0
Central and South America,2022,Historical,45860.0,600973.0,0.0,32003.0,64005.0,31850.0,14005.0,5.0
Central and South America,2023,Historical,89391.0,687574.9,0.0,73000.0,138005.0,52390.0,37000.0,1.0
Central and South America,2024,Historical,182576.0,864180.8,0.0,167000.0,310005.0,113570.0,69001.0,5.0
Chile,2011,Historical,6.0,6.0,0.0,6.0,6.0,6.0,0.0,0.0
Chile,2012,Historical,5.0,11.0,0.0,5.0,11.0,5.0,0.0,0.0
Chile,2013,Historical,5.0,16.0,0.0,5.0,16.0,5.0,0.0,0.0
Chile,2014,Historical,19.0,33.0,0.0,19.0,33.0,5.0,14.0,0.0
Chile,2015,Historical,36.0,69.0,0.0,36.0,69.0,13.0,23.0,0.0
Chile,2016,Historical,31.0,100.0,0.0,31.0,100.0,22.0,9.0,0.0
Chile,2017,Historical,4235.0,4331.0,0.0,135.0,231.0,4220.0,15.0,0.0
Chile,2018,Historical,7798.0,12410.0,0.0,198.0,410.0,7730.0,68.0,0.0
Chile,2019,Historical,955.0,12650.0,0.0,305.0,650.0,870.0,85.0,0.0
Chile,2020,Historical,3839.0,16840.0,0.0,239.0,840.0,3760.0,79.0,0.0
Chile,2021,Historical,4061.0,20411.0,0.0,861.0,1411.0,3760.0,300.0,1.0
Chile,2022,Historical,2491.0,22902.0,0.0,1771.0,2902.0,2020.0,470.0,1.0
Chile,2023,Historical,3410.0,26702.0,0.0,2110.0,5702.0,2900.0,510.0,0.0
Chile,2024,Historical,6900.0,33302.0,0.0,5600.0,11302.0,5800.0,1100.0,0.0
China,2010,Historical,2530.0,4256.0,0.0,1440.0,1940.0,2190.0,340.0,0.0
China,2011,Historical,5870.0,12040.0,0.0,5120.0,6960.0,5390.0,480.0,0.0
China,2012,Historical,1712440.0,1725240.0,0.0,9860.0,16920.0,1711670.0,770.0,0.0
China,2013,Historical,2020280.0,3745800.0,0.0,15730.0,32600.0,2017750.0,2530.0,0.0
China,2014,Historical,2483480.0,6219600.0,0.0,73000.0,85000.0,2453480.0,30000.0,0.0
China,2015,Historical,2999000.0,9249017.0,0.0,211000.0,297000.0,2925000.0,74000.0,0.0
China,2016,Historical,3279600.0,12966018.0,0.0,339000.0,630000.0,3193000.0,86600.0,0.0
China,2017,Historical,4007620.0,16770358.0,0.0,580000.0,1210000.0,3897000.0,110240.0,380.0
China,2018,Historical,5765490.0,22002617.0,0.0,1090000.0,2240000.0,5493000.0,271200.0,1290.0
China,2019,Historical,6983458.0,30276175.0,0.0,1060000.0,3370000.0,6749000.0,231358.0,3100.0
China,2020,Historical,9442328.0,38490635.0,0.0,1140000.0,4490000.0,9218000.0,221828.0,2500.0
China,2020,STEPS,9442328.0,38490635.0,0.0,1140000.0,4490000.0,9218000.0,221828.0,2500.0
China,2021,Historical,14378662.0,50924332.0,0.0,3250019.0,7800019.0,13825000.0,551540.0,2122.0
China,2021,STEPS,14378662.0,50924332.0,0.0,3250019.0,7800019.0,13825000.0,551540.0,2122.0
China,2022,Historical,14148910.0,61431990.0,0.0,5900240.0,14100240.0,12641000.0,1502860.0,5050.0
China,2022,STEPS,14148910.0,61431990.0,0.0,5900240.0,14100240.0,12641000.0,1502860.0,5050.0
China,2023,Historical,16215640.0,83429960.0,0.0,8100520.0,21800760.0,13507000.0,2701620.0,7020.0
China,2023,STEPS,16215640.0,83429960.0,0.0,8100520.0,21800760.0,13507000.0,2701620.0,7020.0
China,2024,Historical,19081862.0,103179720.0,0.0,11300062.0,34000820.0,14174000.0,4900000.0,7862.0
China,2024,STEPS,19081862.0,103179720.0,103.5,11300062.0,34000820.0,14174000.0,4900000.0,7862.0
China,2030,STEPS,35908100.0,238138000.0,401.0,21225000.0,138078000.0,27580000.0,8254600.0,73500.0
Colombia,2011,Historical,1.0,0.0,0.0,1.0,0.0,1.0,0.0,0.0
Colombia,2012,Historical,26.0,27.0,0.0,26.0,27.0,26.0,0.0,0.0
Colombia,2013,Historical,23.0,50.0,0.0,23.0,50.0,22.0,1.0,0.0
Colombia,2014,Historical,27.0,77.0,0.0,27.0,77.0,27.0,0.0,0.0
Colombia,2015,Historical,282.0,364.0,0.0,42.0,124.0,279.0,3.0,0.0
Colombia,2016,Historical,553.0,909.0,0.0,53.0,169.0,528.0,25.0,0.0
Colombia,2017,Historical,548.0,1425.0,0.0,148.0,325.0,492.0,56.0,0.0
Colombia,2018,Historical,2170.0,3690.0,0.0,570.0,890.0,1850.0,320.0,0.0
Colombia,2019,Historical,3710.0,7350.0,0.0,1210.0,2050.0,3260.0,450.0,0.0
Colombia,2020,Historical,3040.0,10400.0,0.0,1140.0,3200.0,2570.0,470.0,0.0
Colombia,2021,Historical,5240.0,15600.0,0.0,2540.0,5800.0,3540.0,1700.0,0.0
Colombia,2022,Historical,4650.0,20100.0,0.0,4300.0,10100.0,2250.0,2400.0,0.0
Colombia,2023,Historical,7200.0,27600.0,0.0,5600.0,15600.0,5200.0,2000.0,0.0
Colombia,2024,Historical,13840.0,41500.0,0.0,13100.0,28500.0,11740.0,2100.0,0.0
Costa Rica,2014,Historical,27.0,27.0,0.0,0.0,0.0,27.0,0.0,0.0
Costa Rica,2015,Historical,39.0,66.0,0.0,12.0,12.0,27.0,12.0,0.0
Costa Rica,2016,Historical,139.0,205.0,0.0,107.0,119.0,54.0,85.0,0.0
Costa Rica,2017,Historical,214.0,426.0,0.0,34.0,156.0,194.0,20.0,0.0
Costa Rica,2018,Historical,584.0,1000.0,0.0,284.0,430.0,530.0,54.0,0.0
Costa Rica,2019,Historical,691.0,1680.0,0.0,381.0,810.0,660.0,31.0,0.0
Costa Rica,2020,Historical,1106.0,2820.0,0.0,606.0,1420.0,1090.0,16.0,0.0
Costa Rica,2021,Historical,3030.0,5850.0,0.0,1130.0,2550.0,2900.0,130.0,0.0
Costa Rica,2022,Historical,2851.0,8710.0,0.0,2661.0,5210.0,2790.0,61.0,0.0
Costa Rica,2023,Historical,5997.0,15140.0,0.0,5837.0,11440.0,5960.0,37.0,0.0
Costa Rica,2024,Historical,11132.0,26270.0,0.0,11022.0,22470.0,11110.0,22.0,0.0
Croatia,2019,Historical,257.0,0.0,0.0,257.0,0.0,190.0,67.0,0.0
Croatia,2020,Historical,670.0,0.0,0.0,670.0,0.0,530.0,140.0,0.0
Croatia,2021,Historical,1800.0,0.0,0.0,1800.0,0.0,1400.0,400.0,0.0
Croatia,2022,Historical,2240.0,0.0,0.0,2240.0,0.0,1400.0,840.0,0.0
Croatia,2023,Historical,2590.0,0.0,0.0,2590.0,0.0,1600.0,990.0,0.0
Croatia,2024,Historical,3200.0,0.0,0.0,3200.0,0.0,1800.0,1400.0,0.0
Cyprus,2019,Historical,23.0,0.0,0.0,23.0,0.0,23.0,0.0,0.0
Cyprus,2020,Historical,125.0,0.0,0.0,125.0,0.0,42.0,83.0,0.0
Cyprus,2021,Historical,182.0,0.0,0.0,182.0,0.0,84.0,98.0,0.0
Cyprus,2022,Historical,630.0,0.0,0.0,630.0,0.0,400.0,230.0,0.0
Cyprus,2023,Historical,1300.0,0.0,0.0,1300.0,0.0,790.0,510.0,0.0
Cyprus,2024,Historical,1860.0,0.0,0.0,1860.0,0.0,1200.0,660.0,0.0
Czech Republic,2015,Historical,300.0,0.0,0.0,300.0,0.0,300.0,0.0,0.0
Czech Republic,2016,Historical,200.0,0.0,0.0,200.0,0.0,200.0,0.0,0.0
Czech Republic,2017,Historical,390.0,0.0,0.0,390.0,0.0,390.0,0.0,0.0
Czech Republic,2018,Historical,980.0,0.0,0.0,980.0,0.0,700.0,280.0,0.0
Czech Republic,2019,Historical,1230.0,0.0,0.0,1230.0,0.0,760.0,470.0,0.0
Czech Republic,2020,Historical,5300.0,0.0,0.0,5300.0,0.0,3300.0,2000.0,0.0
Czech Republic,2021,Historical,6400.0,0.0,0.0,6400.0,0.0,2700.0,3700.0,0.0
Czech Republic,2022,Historical,7500.0,0.0,0.0,7500.0,0.0,3900.0,3600.0,0.0
Czech Republic,2023,Historical,12000.0,0.0,0.0,12000.0,0.0,6700.0,5300.0,0.0
Czech Republic,2024,Historical,15800.0,0.0,0.0,15800.0,0.0,11000.0,4800.0,0.0
EU27,2010,Historical,2129.0,10160.0,0.0,1191.0,4941.0,2036.0,91.0,2.0
EU27,2011,Historical,9307.0,36803.0,0.0,7460.0,12431.0,8947.0,360.0,0.0
EU27,2012,Historical,35868.0,72854.0,0.0,19500.0,30901.0,28357.0,7511.0,0.0
EU27,2013,Historical,59309.0,132537.0,0.0,45019.0,77004.0,35284.0,24005.0,20.0
EU27,2014,Historical,71683.0,201486.0,0.0,57023.0,132020.0,47652.0,24004.0,27.0
EU27,2015,Historical,112309.0,340539.0,0.0,92170.0,250210.0,68958.0,43128.0,223.0
EU27,2016,Historical,165064.0,481774.0,0.0,140180.0,360320.0,78524.0,86234.0,306.0
EU27,2017,Historical,221833.0,702348.0,0.0,184270.0,540730.0,121461.0,100065.0,307.0
EU27,2018,Historical,299375.0,994861.0,0.0,240160.0,760840.0,189020.0,110101.0,254.0
EU27,2019,Historical,479972.0,1440369.0,0.0,390480.0,1111500.0,339390.0,140096.0,486.0
EU27,2020,Historical,1164265.0,2555674.0,0.0,1050810.0,2102200.0,652800.0,510590.0,875.0
EU27,2021,Historical,1918643.0,4518309.0,0.0,1760810.0,3903000.0,1045500.0,872258.0,885.0
EU27,2022,Historical,2209985.0,6534911.0,0.0,1981200.0,5704100.0,1326000.0,882690.0,1295.0
EU27,2023,Historical,2638652.0,9205819.0,0.0,2420810.0,8204600.0,1815300.0,822277.0,1075.0
EU27,2024,Historical,2469591.0,11393949.0,0.0,2271100.0,10205400.0,1694600.0,773161.0,1830.0
Estonia,2015,Historical,34.0,0.0,0.0,34.0,0.0,34.0,0.0,0.0
Estonia,2016,Historical,35.0,0.0,0.0,35.0,0.0,35.0,0.0,0.0
Estonia,2017,Historical,46.0,0.0,0.0,46.0,0.0,26.0,20.0,0.0
Estonia,2018,Historical,118.0,0.0,0.0,118.0,0.0,85.0,33.0,0.0
Estonia,2019,Historical,97.0,0.0,0.0,97.0,0.0,80.0,17.0,0.0
Estonia,2020,Historical,415.0,0.0,0.0,415.0,0.0,340.0,75.0,0.0
Estonia,2021,Historical,720.0,0.0,0.0,720.0,0.0,480.0,240.0,0.0
Estonia,2022,Historical,1160.0,0.0,0.0,1160.0,0.0,730.0,430.0,0.0
Estonia,2023,Historical,1960.0,0.0,0.0,1960.0,0.0,1400.0,560.0,0.0
Estonia,2024,Historical,2600.0,0.0,0.0,2600.0,0.0,1300.0,1300.0,0.0
Europe,2010,Historical,6351.0,41360.0,0.0,3074.0,15742.0,6115.0,221.0,15.0
Europe,2011,Historical,25746.0,98943.0,0.0,20798.0,34811.0,24998.0,748.0,0.0
Europe,2012,Historical,84573.0,181179.0,0.0,52642.0,85896.0,66889.0,17684.0,0.0
Europe,2013,Historical,142071.0,315187.0,0.0,113768.0,194870.0,90781.0,51250.0,40.0
Europe,2014,Historical,215323.2,526048.2,0.0,183128.2,375268.2,148739.0,66528.0,56.2
Europe,2015,Historical,350809.0,913751.0,0.0,307023.0,721005.0,211806.0,138534.0,469.0
Europe,2016,Historical,497300.0,1370328.0,0.0,441644.0,1112662.0,227164.0,269475.0,661.0
Europe,2017,Historical,670454.0,2003059.0,0.0,590897.0,1656998.0,334962.0,334841.0,651.0
Europe,2018,Historical,844501.0,2809588.0,0.0,724713.0,2329265.0,491174.0,352596.0,731.0
Europe,2019,Historical,1228766.0,3970046.0,0.0,1049256.0,3279691.0,847160.0,380438.0,1168.0
Europe,2020,Historical,2794712.0,6715888.0,0.0,2560754.0,5787186.0,1630415.0,1162361.0,1936.0
Europe,2020,STEPS,1516730.0,3629985.0,0.0,1380890.0,3102700.0,884500.0,631234.0,996.0
Europe,2021,Historical,4591842.0,11257949.0,0.0,4262677.0,9973933.0,2587066.0,2002861.0,1915.0
Europe,2021,STEPS,2487428.0,6134601.0,0.0,2300920.0,5403600.0,1382700.0,1103658.0,1070.0
Europe,2022,Historical,5329429.0,15996777.0,0.0,4836408.0,14259111.0,3463237.0,1863485.0,2707.0
Europe,2022,STEPS,2879350.0,8805186.0,0.0,2601300.0,7804800.0,1874500.0,1003391.0,1459.0
Europe,2023,Historical,6225240.0,22548951.0,0.0,5667595.0,20320146.0,4434130.0,1788966.0,2144.0
Europe,2023,STEPS,3553062.0,12511762.0,0.0,3200870.0,11205400.0,2549300.0,1002577.0,1185.0
Europe,2024,Historical,6173592.0,28188272.0,0.0,5615784.0,25471640.0,4424840.0,1745020.0,3732.0
Europe,2024,STEPS,3549201.0,15719425.0,34.08,3181100.0,14106100.0,2561600.0,985671.0,1930.0
Europe,2030,STEPS,11663020.0,59905500.0,167.83,9504400.0,50032000.0,10076000.0,1560720.0,26300.0
Finland,2011,Historical,30.0,56.0,0.0,30.0,56.0,30.0,0.0,0.0
Finland,2012,Historical,331.0,240.0,0.0,181.0,240.0,201.0,130.0,0.0
Finland,2013,Historical,308.0,558.0,0.0,220.0,470.0,138.0,170.0,0.0
Finland,2014,Historical,487.0,1070.0,0.0,440.0,930.0,227.0,260.0,0.0
Finland,2015,Historical,741.0,1800.0,0.0,660.0,1580.0,321.0,420.0,0.0
Finland,2016,Historical,1610.0,3676.0,0.0,1420.0,3240.0,410.0,1200.0,0.0
Finland,2017,Historical,3623.0,8234.0,0.0,3100.0,7100.0,1023.0,2600.0,0.0
Finland,2018,Historical,6186.0,17002.0,0.0,5680.0,15400.0,1286.0,4900.0,0.0
Finland,2019,Historical,8812.0,32876.0,0.0,7900.0,29701.0,2812.0,6000.0,0.0
Finland,2020,Historical,18379.0,59845.0,0.0,17200.0,55701.0,5340.0,13039.0,0.0
Finland,2021,Historical,31322.0,105462.0,0.0,30001.0,100001.0,11283.0,20038.0,1.0
Finland,2022,Historical,33206.0,152139.0,0.0,31000.0,145002.0,17179.0,16027.0,0.0
Finland,2023,Historical,50640.0,234244.0,0.0,48000.0,224002.0,32626.0,18014.0,0.0
Finland,2024,Historical,39583.0,272371.0,0.0,37000.0,260001.0,24562.0,15021.0,0.0
Greece,2012,Historical,36.0,36.0,0.0,0.0,0.0,36.0,0.0,0.0
Greece,2013,Historical,26.0,62.0,0.0,3.0,3.0,26.0,0.0,0.0
Greece,2014,Historical,69.0,131.0,0.0,39.0,42.0,69.0,0.0,0.0
Greece,2015,Historical,76.0,229.0,0.0,57.0,119.0,54.0,22.0,0.0
Greece,2016,Historical,125.0,358.0,0.0,97.0,218.0,69.0,56.0,0.0
Greece,2017,Historical,220.0,580.0,0.0,190.0,410.0,80.0,140.0,0.0
Greece,2018,Historical,330.0,920.0,0.0,298.0,720.0,120.0,210.0,0.0
Greece,2019,Historical,600.0,1520.0,0.0,480.0,1200.0,310.0,290.0,0.0
Greece,2020,Historical,2340.0,3780.0,0.0,2180.0,3300.0,840.0,1500.0,0.0
Greece,2021,Historical,7660.0,11400.0,0.0,7000.0,10300.0,2860.0,4800.0,0.0
Greece,2022,Historical,9400.0,21600.0,0.0,8300.0,19400.0,3900.0,5500.0,0.0
Greece,2023,Historical,17950.0,37200.0,0.0,17000.0,34000.0,7950.0,10000.0,0.0
Greece,2024,Historical,18100.0,49200.0,0.0,17000.0,45000.0,9800.0,8300.0,0.0
Hungary,2015,Historical,135.0,0.0,0.0,135.0,0.0,120.0,15.0,0.0
Hungary,2016,Historical,340.0,0.0,0.0,340.0,0.0,170.0,170.0,0.0
Hungary,2017,Historical,1190.0,0.0,0.0,1190.0,0.0,750.0,440.0,0.0
Hungary,2018,Historical,2070.0,0.0,0.0,2070.0,0.0,1300.0,770.0,0.0
Hungary,2019,Historical,2900.0,0.0,0.0,2900.0,0.0,1800.0,1100.0,0.0
Hungary,2020,Historical,6000.0,0.0,0.0,6000.0,0.0,3000.0,3000.0,0.0
Hungary,2021,Historical,8500.0,0.0,0.0,8500.0,0.0,4300.0,4200.0,0.0
Hungary,2022,Historical,9600.0,0.0,0.0,9600.0,0.0,4700.0,4900.0,0.0
Hungary,2023,Historical,11300.0,0.0,0.0,11300.0,0.0,5800.0,5500.0,0.0
Hungary,2024,Historical,14300.0,0.0,0.0,14300.0,0.0,8600.0,5700.0,0.0
Iceland,2010,Historical,12.0,63.0,0.0,11.0,34.0,1.0,0.0,11.0
Iceland,2011,Historical,2.0,65.0,0.0,0.0,34.0,2.0,0.0,0.0
Iceland,2012,Historical,32.0,97.0,0.0,26.0,60.0,23.0,9.0,0.0
Iceland,2013,Historical,103.0,197.0,0.0,103.0,160.0,80.0,23.0,0.0
Iceland,2014,Historical,229.0,332.0,0.0,229.0,295.0,200.0,29.0,0.0
Iceland,2015,Historical,561.0,751.0,0.0,560.0,714.0,391.0,170.0,0.0
Iceland,2016,Historical,1166.0,1605.0,0.0,1160.0,1563.0,386.0,780.0,0.0
Iceland,2017,Historical,3048.0,3950.0,0.0,3040.0,3902.0,848.0,2200.0,0.0
Iceland,2018,Historical,3697.0,8066.0,0.0,3696.0,8017.0,781.0,2900.0,16.0
Iceland,2019,Historical,3132.0,11114.0,0.0,3107.0,11031.0,1125.0,2000.0,7.0
Iceland,2020,Historical,5201.0,15420.0,0.0,4901.0,15030.0,2800.0,2400.0,1.0
Iceland,2021,Historical,9164.0,21991.0,0.0,9103.0,21531.0,4261.0,4900.0,3.0
Iceland,2022,Historical,12037.0,33521.0,0.0,12000.0,33031.0,6937.0,5100.0,0.0
Iceland,2023,Historical,12442.0,44547.0,0.0,12401.0,44027.0,10041.0,2400.0,1.0
Iceland,2024,Historical,4327.0,53550.0,0.0,4300.0,53000.0,2727.0,1600.0,0.0
India,2010,Historical,40450.0,40880.0,0.0,450.0,880.0,40450.0,0.0,0.0
India,2011,Historical,31400.0,71300.0,0.0,1400.0,1300.0,31400.0,0.0,0.0
India,2012,Historical,190190.0,172800.0,0.0,190.0,2800.0,190190.0,0.0,0.0
India,2013,Historical,210410.0,212900.0,0.0,410.0,2900.0,210410.0,0.0,0.0
India,2014,Historical,261000.0,233400.0,0.0,1000.0,3400.0,261000.0,0.0,0.0
India,2015,Historical,7450.0,254500.0,0.0,450.0,4400.0,7450.0,0.0,0.0
India,2016,Historical,49935.0,265080.0,0.0,730.0,4800.0,49935.0,0.0,0.0
India,2017,Historical,87140.0,778500.0,0.0,920.0,7000.0,87140.0,0.0,0.0
India,2018,Historical,132630.0,1510900.0,0.0,920.0,7900.0,132630.0,0.0,0.0
India,2019,Historical,161937.0,2012857.0,0.0,687.0,8607.0,161930.0,7.0,0.0
India,2020,Historical,126392.0,2219750.0,0.0,3143.0,12050.0,126300.0,43.0,49.0
India,2020,STEPS,126392.0,2219750.0,0.0,3143.0,12050.0,126300.0,43.0,49.0
India,2021,Historical,334951.0,2733601.0,0.0,12051.0,23101.0,334900.0,50.0,1.0
India,2021,STEPS,334951.0,2733601.0,0.0,12051.0,23101.0,334900.0,50.0,1.0
India,2022,Historical,1030584.0,3285123.0,0.0,48025.0,72123.0,1030510.0,23.0,51.0
India,2022,STEPS,1030584.0,3285123.0,0.0,48025.0,72123.0,1030510.0,23.0,51.0
India,2023,Historical,1584932.0,4866193.0,0.0,82270.0,150393.0,1584660.0,270.0,2.0
India,2023,STEPS,1584932.0,4866193.0,0.0,82270.0,150393.0,1584660.0,270.0,2.0
India,2024,Historical,2001295.0,6865583.0,0.0,92095.0,240483.0,2001200.0,95.0,0.0
India,2024,STEPS,2001295.0,6865583.0,2.838,92095.0,240483.0,2001200.0,95.0,0.0
India,2030,STEPS,9841004.0,45915510.0,26.4,720000.0,2490000.0,9715800.0,122424.0,2780.0
Indonesia,2011,Historical,2.0,0.0,0.0,2.0,0.0,2.0,0.0,0.0
Indonesia,2013,Historical,2.0,0.0,0.0,2.0,0.0,2.0,0.0,0.0
Indonesia,2015,Historical,8.0,8.0,0.0,0.0,0.0,8.0,0.0,0.0
Indonesia,2016,Historical,24.0,32.0,0.0,0.0,0.0,24.0,0.0,0.0
Indonesia,2017,Historical,3827.0,3800.0,0.0,27.0,0.0,3800.0,27.0,0.0
Indonesia,2018,Historical,13002.0,17000.0,0.0,2.0,0.0,13000.0,2.0,0.0
Indonesia,2019,Historical,35091.0,52049.0,0.0,91.0,49.0,35029.0,62.0,0.0
Indonesia,2020,Historical,41363.0,93396.0,0.0,363.0,396.0,41340.0,23.0,0.0
Indonesia,2021,Historical,80762.0,171766.0,0.0,762.0,1761.0,80730.0,31.0,1.0
Indonesia,2022,Historical,131081.0,302140.0,0.0,11081.0,12140.0,131000.0,79.0,2.0
Indonesia,2023,Historical,80160.0,379390.0,0.0,17160.0,29390.0,80000.0,160.0,0.0
Indonesia,2024,Historical,149151.0,538541.0,0.0,49150.0,78540.0,149001.0,150.0,0.0
Ireland,2015,Historical,590.0,0.0,0.0,590.0,0.0,470.0,120.0,0.0
Ireland,2016,Historical,690.0,0.0,0.0,690.0,0.0,390.0,300.0,0.0
Ireland,2017,Historical,950.0,0.0,0.0,950.0,0.0,620.0,330.0,0.0
Ireland,2018,Historical,1940.0,0.0,0.0,1940.0,0.0,1200.0,740.0,0.0
Ireland,2019,Historical,4700.0,0.0,0.0,4700.0,0.0,3400.0,1300.0,0.0
Ireland,2020,Historical,6500.0,0.0,0.0,6500.0,0.0,4000.0,2500.0,0.0
Ireland,2021,Historical,16500.0,0.0,0.0,16500.0,0.0,8600.0,7900.0,0.0
Ireland,2022,Historical,23700.0,0.0,0.0,23700.0,0.0,16000.0,7700.0,0.0
Ireland,2023,Historical,33000.0,0.0,0.0,33000.0,0.0,23000.0,10000.0,0.0
Ireland,2024,Historical,30000.0,0.0,0.0,30000.0,0.0,17000.0,13000.0,0.0
Israel,2010,Historical,11.0,20.0,0.0,0.0,6.0,11.0,0.0,0.0
Israel,2011,Historical,64.0,157.0,0.0,3.0,85.0,64.0,0.0,0.0
Israel,2012,Historical,741.0,821.0,0.0,601.0,611.0,740.0,1.0,0.0
Israel,2013,Historical,627.001,1378.0,0.0,477.0,1018.0,610.001,17.0,0.0
Israel,2014,Historical,208.0,1800.0,0.0,58.0,1270.0,156.0,52.0,0.0
Israel,2015,Historical,208.0,2050.0,0.0,68.0,1340.0,143.0,65.0,0.0
Israel,2016,Historical,213.0,2285.0,0.0,68.0,1400.0,150.0,63.0,0.0
Israel,2017,Historical,1950.0,4345.0,0.0,1630.0,3100.0,450.0,1500.0,0.0
Israel,2018,Historical,4133.0,8478.0,0.0,3730.0,6800.0,533.0,3600.0,0.0
Israel,2019,Historical,5016.0,13294.0,0.0,4750.0,11400.0,1116.0,3900.0,0.0
Israel,2020,Historical,7329.0,21122.0,0.0,6900.0,18800.0,1929.0,5400.0,0.0
Israel,2021,Historical,24561.0,45876.0,0.0,24000.0,43000.0,11559.0,13002.0,0.0
Israel,2022,Historical,44055.0,91940.0,0.0,43000.0,88000.0,28037.0,16018.0,0.0
Israel,2023,Historical,66370.0,156220.0,0.0,65000.0,151000.0,50370.0,16000.0,0.0
Israel,2024,Historical,78380.0,234600.0,0.0,76400.0,228000.0,70980.0,7400.0,0.0
Japan,2010,Historical,2402.0,3500.0,0.0,2402.0,3500.0,2400.0,0.0,2.0
Japan,2011,Historical,13865.0,16865.0,0.0,13015.0,16015.0,13850.0,15.0,0.0
Japan,2012,Historical,26501.0,44300.0,0.0,24001.0,41000.0,15500.0,11000.0,1.0
Japan,2013,Historical,31104.0,74400.0,0.0,29004.0,69000.0,17100.0,14000.0,4.0
Japan,2014,Historical,33007.0,117400.0,0.0,32007.0,111000.0,17000.0,16000.0,7.0
Japan,2015,Historical,25220.0,141700.0,0.0,24390.0,134400.0,10830.0,14000.0,390.0
Japan,2016,Historical,25820.0,162000.0,0.0,25500.0,154400.0,15320.0,9400.0,1100.0
Japan,2017,Historical,55170.0,210200.0,0.0,54850.0,202300.0,18320.0,36000.0,850.0
Japan,2018,Historical,52195.0,242405.0,0.0,50610.0,232900.0,28585.0,23000.0,610.0
Japan,2019,Historical,42040.0,275455.0,0.0,39670.0,263600.0,23370.0,18000.0,670.0
Japan,2020,Historical,34225.0,319455.0,0.0,30490.0,304100.0,18735.0,15000.0,490.0
Japan,2021,Historical,54823.0,369655.0,0.0,47500.0,346600.0,29323.0,23000.0,2500.0
Japan,2022,Historical,115600.0,483655.0,0.0,97990.0,417600.0,76610.0,38000.0,990.0
Japan,2023,Historical,164170.0,611050.0,0.0,140320.0,547900.0,111850.0,52000.0,320.0
Japan,2024,Historical,135716.0,723616.0,0.0,103660.0,628100.0,92050.0,43000.0,666.0
Jordan,2021,Historical,0.0,0.0,0.0,0.0,0.0,0.0,0.0,0.0
Jordan,2022,Historical,0.0,0.0,0.0,0.0,0.0,0.0,0.0,0.0
Jordan,2023,Historical,0.0,0.0,0.0,0.0,0.0,0.0,0.0,0.0
Jordan,2024,Historical,0.0,0.0,0.0,0.0,0.0,0.0,0.0,0.0
Korea,2010,Historical,66.0,66.0,0.0,61.0,61.0,66.0,0.0,0.0
Korea,2011,Historical,274.0,349.0,0.0,270.0,340.0,274.0,0.0,0.0
Korea,2012,Historical,512.0,861.0,0.0,510.0,850.0,512.0,0.0,0.0
Korea,2013,Historical,606.0,1417.0,0.0,600.0,1400.0,606.0,0.0,0.0
Korea,2014,Historical,1303.0,2720.0,0.0,1300.0,2700.0,1303.0,0.0,0.0
Korea,2015,Historical,3399.0,6102.0,0.0,3379.0,6062.0,3120.0,250.0,29.0
Korea,2016,Historical,5132.0,10710.0,0.0,5088.0,10626.0,4744.0,330.0,58.0
Korea,2017,Historical,15705.0,25484.0,0.0,14745.0,25400.0,14960.0,670.0,75.0
Korea,2018,Historical,61762.0,63030.0,0.0,60310.0,61500.0,56450.0,4400.0,912.0
Korea,2019,Historical,47165.0,113535.0,0.0,39900.0,105100.0,40250.0,2700.0,4215.0
Korea,2020,Historical,72797.0,190852.0,0.0,44700.0,154000.0,59000.0,8700.0,5097.0
Korea,2021,Historical,141631.0,332230.0,0.0,100200.0,253000.0,113300.0,19000.0,9331.0
Korea,2022,Historical,203250.0,525480.0,0.0,141000.0,386000.0,182100.0,11000.0,10150.0
Korea,2023,Historical,191770.0,723650.0,0.0,136300.0,523000.0,175100.0,12000.0,4670.0
Korea,2024,Historical,162150.0,884130.0,0.0,130700.0,653000.0,151100.0,7900.0,3150.0
Latvia,2015,Historical,26.0,0.0,0.0,26.0,0.0,17.0,9.0,0.0
Latvia,2016,Historical,40.0,0.0,0.0,40.0,0.0,22.0,18.0,0.0
Latvia,2017,Historical,40.0,0.0,0.0,40.0,0.0,22.0,18.0,0.0
Latvia,2018,Historical,90.0,0.0,0.0,90.0,0.0,73.0,17.0,0.0
Latvia,2019,Historical,98.0,0.0,0.0,98.0,0.0,86.0,12.0,0.0
Latvia,2020,Historical,383.0,0.0,0.0,383.0,0.0,310.0,73.0,0.0
Latvia,2021,Historical,550.0,0.0,0.0,550.0,0.0,410.0,140.0,0.0
Latvia,2022,Historical,1400.0,0.0,0.0,1400.0,0.0,1100.0,300.0,0.0
Latvia,2023,Historical,2050.0,0.0,0.0,2050.0,0.0,1700.0,350.0,0.0
Latvia,2024,Historical,2100.0,0.0,0.0,2100.0,0.0,1300.0,800.0,0.0
Lithuania,2015,Historical,37.0,0.0,0.0,37.0,0.0,37.0,0.0,0.0
Lithuania,2016,Historical,64.0,0.0,0.0,64.0,0.0,64.0,0.0,0.0
Lithuania,2017,Historical,52.0,0.0,0.0,52.0,0.0,52.0,0.0,0.0
Lithuania,2018,Historical,140.0,0.0,0.0,140.0,0.0,140.0,0.0,0.0
Lithuania,2019,Historical,160.0,0.0,0.0,160.0,0.0,160.0,0.0,0.0
Lithuania,2020,Historical,450.0,0.0,0.0,450.0,0.0,450.0,0.0,0.0
Lithuania,2021,Historical,1600.0,0.0,0.0,1600.0,0.0,1200.0,400.0,0.0
Lithuania,2022,Historical,2070.0,0.0,0.0,2070.0,0.0,1400.0,670.0,0.0
Lithuania,2023,Historical,3200.0,0.0,0.0,3200.0,0.0,2100.0,1100.0,0.0
Lithuania,2024,Historical,3500.0,0.0,0.0,3500.0,0.0,1800.0,1700.0,0.0
Luxembourg,2019,Historical,1900.0,0.0,0.0,1900.0,0.0,990.0,910.0,0.0
Luxembourg,2020,Historical,5200.0,0.0,0.0,5200.0,0.0,2500.0,2700.0,0.0
Luxembourg,2021,Historical,9000.0,0.0,0.0,9000.0,0.0,4600.0,4400.0,0.0
Luxembourg,2022,Historical,10200.0,0.0,0.0,10200.0,0.0,6400.0,3800.0,0.0
Luxembourg,2023,Historical,15800.0,0.0,0.0,15800.0,0.0,11000.0,4800.0,0.0
Luxembourg,2024,Historical,16800.0,0.0,0.0,16800.0,0.0,13000.0,3800.0,0.0
Malaysia,2011,Historical,0.0,270.0,0.0,0.0,0.0,0.0,0.0,0.0
Malaysia,2012,Historical,10.0,296.0,0.0,10.0,26.0,10.0,0.0,0.0
Malaysia,2013,Historical,74.0,354.0,0.0,2.0,14.0,74.0,0.0,0.0
Malaysia,2014,Historical,85.0,437.0,0.0,15.0,27.0,85.0,0.0,0.0
Malaysia,2015,Historical,177.0,646.0,0.0,37.0,79.0,177.0,0.0,0.0
Malaysia,2016,Historical,315.0,2604.0,0.0,110.0,1832.0,315.0,0.0,0.0
Malaysia,2017,Historical,8500.0,9357.0,0.0,8240.0,8325.0,400.0,8100.0,0.0
Malaysia,2018,Historical,8475.0,10746.0,0.0,8062.0,9311.0,475.0,8000.0,0.0
Malaysia,2019,Historical,3543.0,9191.0,0.0,2542.0,6652.0,1043.0,2500.0,0.0
Malaysia,2020,Historical,2867.0,12079.0,0.0,667.0,7340.0,2287.0,580.0,0.0
Malaysia,2021,Historical,3751.0,15866.0,0.0,1251.0,8630.0,2790.0,960.0,1.0
Malaysia,2022,Historical,7402.0,22736.0,0.0,3202.0,11700.0,5500.0,1900.0,2.0
Malaysia,2023,Historical,11880.0,47022.0,0.0,11100.0,35003.0,9980.0,1900.0,0.0
Malaysia,2024,Historical,30661.0,77183.0,0.0,27300.0,62003.0,29361.0,1300.0,0.0
Mexico,2011,Historical,3.0,3.0,0.0,3.0,3.0,3.0,0.0,0.0
Mexico,2012,Historical,408.0,411.0,0.0,88.0,91.0,408.0,0.0,0.0
Mexico,2013,Historical,302.0,710.0,0.0,12.0,100.0,302.0,0.0,0.0
Mexico,2014,Historical,448.0,1150.0,0.0,48.0,150.0,448.0,0.0,0.0
Mexico,2015,Historical,519.0,1647.0,0.0,99.0,247.0,512.0,7.0,0.0
Mexico,2016,Historical,842.0,2530.0,0.0,770.0,1030.0,322.0,520.0,0.0
Mexico,2017,Historical,1380.0,3930.0,0.0,1200.0,2230.0,410.0,970.0,0.0
Mexico,2018,Historical,3600.0,7530.0,0.0,1800.0,4030.0,2000.0,1600.0,0.0
Mexico,2019,Historical,5390.0,12800.0,0.0,1690.0,5600.0,3990.0,1400.0,0.0
Mexico,2020,Historical,6300.0,19200.0,0.0,3800.0,9500.0,4300.0,2000.0,0.0
Mexico,2021,Historical,9600.0,29000.0,0.0,6500.0,16000.0,6100.0,3500.0,0.0
Mexico,2022,Historical,12000.0,40000.0,0.0,8400.0,24000.0,8000.0,4000.0,0.0
Mexico,2023,Historical,20200.0,62000.0,0.0,16100.0,41000.0,18100.0,2100.0,0.0
Mexico,2024,Historical,31900.0,93000.0,0.0,27100.0,68000.0,24800.0,7100.0,0.0
Middle East and Caspian,2010,Historical,0.0,180.0,0.0,0.0,0.0,0.0,0.0,0.0
Middle East and Caspian,2011,Historical,41.0,320.0,0.0,41.0,200.0,41.0,0.0,0.0
Middle East and Caspian,2012,Historical,49.0,310.0,0.0,49.0,190.0,49.0,0.0,0.0
Middle East and Caspian,2013,Historical,2.0,192.0,0.0,2.0,192.0,0.0,2.0,0.0
Middle East and Caspian,2014,Historical,4936.0,5158.0,0.0,36.0,258.0,4900.0,36.0,0.0
Middle East and Caspian,2015,Historical,4720.0,10540.0,0.0,420.0,1340.0,4410.0,310.0,0.0
Middle East and Caspian,2016,Historical,532.0,11022.0,0.0,530.0,1820.0,352.0,180.0,0.0
Middle East and Caspian,2017,Historical,581.0,11524.0,0.0,560.0,2320.0,371.0,210.0,0.0
Middle East and Caspian,2018,Historical,1614.0,12910.0,0.0,1500.0,3700.0,414.0,1200.0,0.0
Middle East and Caspian,2019,Historical,2164.0,14917.0,0.0,2020.0,5600.0,864.0,1300.0,0.0
Middle East and Caspian,2020,Historical,3263.0,17379.0,0.0,2400.0,7400.0,2163.0,1100.0,0.0
Middle East and Caspian,2021,Historical,5791.0,22922.0,0.0,5000.0,12300.0,4189.0,1600.0,2.0
Middle East and Caspian,2022,Historical,5091.0,27823.0,0.0,4250.0,16400.0,4441.0,650.0,0.0
Middle East and Caspian,2023,Historical,20515.0,47217.9,0.0,20000.0,37000.0,10515.0,10000.0,0.0
Middle East and Caspian,2024,Historical,92739.0,137652.9,0.0,92000.0,127000.0,37738.0,55000.0,1.0
New Zealand,2010,Historical,24.0,216.0,0.0,10.0,14.0,24.0,0.0,0.0
New Zealand,2011,Historical,34.0,243.0,0.0,15.0,29.0,32.0,2.0,0.0
New Zealand,2012,Historical,37.0,281.0,0.0,27.0,56.0,32.0,5.0,0.0
New Zealand,2013,Historical,46.0,327.0,0.0,36.0,92.0,40.0,6.0,0.0
New Zealand,2014,Historical,330.0,655.0,0.0,320.0,410.0,120.0,210.0,0.0
New Zealand,2015,Historical,547.0,1205.0,0.0,500.0,910.0,347.0,200.0,0.0
New Zealand,2016,Historical,1555.0,2665.0,0.0,1540.0,2360.0,1215.0,340.0,0.0
New Zealand,2017,Historical,3482.0,6246.0,0.0,3440.0,5900.0,2942.0,540.0,0.0
New Zealand,2018,Historical,5652.0,11807.0,0.0,5600.0,11400.0,4452.0,1200.0,0.0
New Zealand,2019,Historical,7265.0,18983.0,0.0,6902.0,17402.0,5663.0,1600.0,2.0
New Zealand,2020,Historical,5840.0,24877.0,0.0,5403.0,22905.0,4335.0,1502.0,3.0
New Zealand,2021,Historical,11141.0,38191.0,0.0,10301.0,35406.0,7615.0,3523.0,3.0
New Zealand,2022,Historical,29650.0,68960.0,0.0,28210.0,65016.0,20390.0,9250.0,10.0
New Zealand,2023,Historical,31379.0,97182.0,0.0,30004.0,92020.0,22360.0,9015.0,4.0
New Zealand,2024,Historical,10432.0,118702.0,0.0,9719.0,113038.0,7010.0,3403.0,19.0
North America,2010,Historical,1210.0,3810.0,0.0,1200.0,3800.0,1210.0,0.0,0.0
North America,2011,Historical,18160.0,22560.0,0.0,17800.0,22000.0,10160.0,8000.0,0.0
North America,2012,Historical,55606.0,77160.0,0.0,54000.0,75000.0,16606.0,39000.0,0.0
North America,2013,Historical,99097.0,176261.0,0.0,97000.0,172000.0,50048.0,49000.0,49.0
North America,2014,Historical,120860.0,297116.0,0.0,118055.0,290055.0,65724.0,55000.0,136.0
North America,2015,Historical,117955.0,411151.0,0.0,114100.0,400160.0,73674.0,44100.0,181.0
North America,2016,Historical,163360.0,584681.0,0.0,161100.0,571200.0,89260.0,73000.0,1100.0
North America,2017,Historical,199873.0,779841.0,0.0,197300.0,763500.0,102573.0,95000.0,2300.0
North America,2018,Historical,367860.0,1157641.0,0.0,362700.0,1136200.0,245160.0,120000.0,2700.0
North America,2019,Historical,338800.0,1490431.0,0.0,328000.0,1458200.0,250800.0,86000.0,2000.0
North America,2020,Historical,309199.0,1802291.0,0.0,297200.0,1759200.0,241977.0,66000.0,1222.0
North America,2021,Historical,656405.0,2297921.0,0.0,643100.0,2242000.0,483290.0,170000.0,3115.0
North America,2022,Historical,1016860.0,3114261.0,0.0,992700.0,3035000.0,824020.0,190000.0,2840.0
North America,2023,Historical,1438816.0,4932967.0,0.0,1403000.0,4818000.0,1135600.0,300001.0,3215.0
North America,2024,Historical,1676681.0,6573645.0,0.0,1630630.0,6419000.0,1345700.0,330001.0,980.0
Poland,2010,Historical,19.0,0.0,0.0,16.0,0.0,18.0,1.0,0.0
Poland,2011,Historical,46.0,0.0,0.0,43.0,0.0,46.0,0.0,0.0
Poland,2012,Historical,123.0,0.0,0.0,48.0,0.0,119.0,4.0,0.0
Poland,2013,Historical,177.0,0.0,0.0,37.0,0.0,171.0,6.0,0.0
Poland,2014,Historical,301.0,0.0,0.0,201.0,0.0,240.0,61.0,0.0
Poland,2015,Historical,405.0,2532.0,0.0,220.0,2500.0,253.0,152.0,0.0
Poland,2016,Historical,766.0,2761.0,0.0,510.0,2600.0,366.0,400.0,0.0
Poland,2017,Historical,1847.0,4062.0,0.0,1080.0,3114.0,1207.0,640.0,0.0
Poland,2018,Historical,3133.0,6546.0,0.0,1381.0,3728.0,2334.0,798.0,1.0
Poland,2019,Historical,5999.0,14995.0,0.0,2700.0,8634.0,4798.0,1201.0,0.0
Poland,2020,Historical,10422.0,27214.0,0.0,8200.0,17728.0,5920.0,4502.0,0.0
Poland,2021,Historical,19940.0,50233.0,0.0,16378.0,37091.0,10760.0,9102.0,78.0
Poland,2022,Historical,28218.0,80093.0,0.0,25046.0,61130.0,17170.0,11002.0,46.0
Poland,2023,Historical,35360.0,121294.0,0.0,30083.0,99210.0,22240.0,13003.0,117.0
Poland,2024,Historical,36418.0,144425.0,0.0,32007.0,119220.0,21390.0,15006.0,22.0
Portugal,2010,Historical,13.0,720.0,0.0,13.0,720.0,13.0,0.0,0.0
Portugal,2011,Historical,172.0,910.0,0.0,172.0,910.0,170.0,2.0,0.0
Portugal,2012,Historical,115.0,991.0,0.0,84.0,960.0,85.0,30.0,0.0
Portugal,2013,Historical,217.0,1173.0,0.0,185.0,1137.0,182.0,35.0,0.0
Portugal,2014,Historical,327.0,1392.0,0.0,288.0,1346.0,227.0,100.0,0.0
Portugal,2015,Historical,1118.0,2594.0,0.0,1100.0,2530.0,688.0,430.0,0.0
Portugal,2016,Historical,1804.0,4467.0,0.0,1800.0,4400.0,804.0,1000.0,0.0
Portugal,2017,Historical,4610.0,8974.0,0.0,4400.0,8800.0,2108.0,2502.0,0.0
Portugal,2018,Historical,8512.0,17163.0,0.0,8200.0,16700.0,4612.0,3900.0,0.0
Portugal,2019,Historical,12962.0,30790.0,0.0,12600.0,30000.0,7152.0,5810.0,0.0
Portugal,2020,Historical,20115.0,51180.0,0.0,19800.0,49000.0,8115.0,12000.0,0.0
Portugal,2021,Historical,29647.0,80874.0,0.0,29001.0,78003.0,13637.0,16009.0,1.0
Portugal,2022,Historical,36766.0,120777.0,0.0,34000.0,111003.0,20764.0,16002.0,0.0
Portugal,2023,Historical,67363.0,183999.0,0.0,63002.0,175003.0,40360.0,27000.0,3.0
Portugal,2024,Historical,72614.0,251554.0,0.0,70000.0,240003.0,44609.0,28005.0,0.0
Rest of the world,2010,Historical,585.0,9280.0,0.0,450.0,2900.0,585.0,0.0,0.0
Rest of the world,2011,Historical,605.0,9457.0,0.0,587.0,3117.0,588.0,17.0,0.0
Rest of the world,2012,Historical,63428.0,69848.0,0.0,1295.0,2198.0,63333.0,95.0,0.0
Rest of the world,2013,Historical,86572.0,157852.0,0.0,510.0,2750.0,86552.0,20.0,0.0
Rest of the world,2014,Historical,84665.0,239512.0,0.0,1410.0,5170.0,84555.0,110.0,0.0
Rest of the world,2015,Historical,93307.0,322990.0,0.0,3124.0,8624.0,91783.0,1500.0,24.0
Rest of the world,2016,Historical,233228.0,557096.0,0.0,2962.0,12383.0,232048.0,1108.0,72.0
Rest of the world,2017,Historical,268692.0,814654.0,0.0,8193.0,22380.0,265174.0,3425.0,93.0
Rest of the world,2018,Historical,323105.0,1138533.0,0.0,12300.0,36012.0,318780.0,4325.0,0.0
Rest of the world,2019,Historical,392386.0,1465533.9,0.0,21200.0,62002.9,385134.0,7252.0,0.0
Rest of the world,2020,Historical,195934.0,1712378.9,0.0,44001.0,107003.9,180875.0,15048.0,11.0
Rest of the world,2020,STEPS,623885.0,3131349.0,0.0,171500.0,794000.0,560770.0,57401.0,5714.0
Rest of the world,2021,Historical,254337.0,1906466.9,0.0,81005.0,199009.9,223177.0,31151.0,9.0
Rest of the world,2021,STEPS,890101.0,3993045.0,0.0,322000.0,1116000.0,765190.0,112715.0,12196.0
Rest of the world,2022,Historical,289357.0,2141012.0,0.0,115014.0,330023.0,256243.0,33093.0,21.0
Rest of the world,2022,STEPS,1201913.0,5150430.0,0.0,531000.0,1587000.0,1067500.0,123207.0,11206.0
Rest of the world,2023,Historical,367505.0,2527531.0,0.0,181020.0,510041.0,316410.0,51054.0,41.0
Rest of the world,2023,STEPS,1509418.0,6589129.9,0.0,884600.0,2482000.0,1300300.0,204100.0,5018.0
Rest of the world,2024,Historical,447361.0,2871701.0,0.0,259000.0,750041.0,377980.0,69377.0,4.0
Rest of the world,2024,STEPS,1876032.0,8418919.0,13.14,1203500.0,3645000.0,1575700.0,296433.0,3899.0
Rest of the world,2030,STEPS,14248120.0,58057700.0,99.3,5811000.0,24687000.0,12668000.0,1543200.0,36920.0
Romania,2015,Historical,24.0,0.0,0.0,24.0,0.0,24.0,0.0,0.0
Romania,2016,Historical,74.0,0.0,0.0,74.0,0.0,74.0,0.0,0.0
Romania,2017,Historical,190.0,0.0,0.0,190.0,0.0,190.0,0.0,0.0
Romania,2018,Historical,600.0,0.0,0.0,600.0,0.0,600.0,0.0,0.0
Romania,2019,Historical,1500.0,0.0,0.0,1500.0,0.0,1500.0,0.0,0.0
Romania,2020,Historical,3800.0,0.0,0.0,3800.0,0.0,2800.0,1000.0,0.0
Romania,2021,Historical,6300.0,0.0,0.0,6300.0,0.0,6300.0,0.0,0.0
Romania,2022,Historical,12000.0,0.0,0.0,12000.0,0.0,12000.0,0.0,0.0
Romania,2023,Historical,15000.0,0.0,0.0,15000.0,0.0,15000.0,0.0,0.0
Romania,2024,Historical,9800.0,0.0,0.0,9800.0,0.0,9800.0,0.0,0.0
Russia,2011,Historical,41.0,0.0,0.0,41.0,0.0,41.0,0.0,0.0
Russia,2012,Historical,49.0,90.0,0.0,49.0,90.0,49.0,0.0,0.0
Russia,2013,Historical,0.0,90.0,0.0,0.0,90.0,0.0,0.0,0.0
Russia,2014,Historical,4900.0,4990.0,0.0,0.0,90.0,4900.0,0.0,0.0
Russia,2015,Historical,4465.0,9455.0,0.0,165.0,255.0,4410.0,55.0,0.0
Russia,2016,Historical,374.0,9829.0,0.0,372.0,627.0,352.0,22.0,0.0
Russia,2017,Historical,163.0,9974.0,0.0,142.0,770.0,131.0,32.0,0.0
Russia,2018,Historical,1154.0,11110.0,0.0,1140.0,1900.0,154.0,1000.0,0.0
Russia,2019,Historical,1364.0,12417.0,0.0,1250.0,3100.0,464.0,900.0,0.0
Russia,2020,Historical,2153.0,14579.0,0.0,1490.0,4600.0,1443.0,710.0,0.0
Russia,2021,Historical,2469.0,17120.0,0.0,2040.0,6700.0,1729.0,740.0,0.0
Russia,2022,Historical,937.0,17920.0,0.0,797.0,7400.0,900.0,37.0,0.0
Russia,2023,Historical,2365.0,19120.0,0.0,2360.0,9900.0,1905.0,460.0,0.0
Russia,2024,Historical,32600.0,51220.0,0.0,32600.0,42000.0,4600.0,28000.0,0.0
Seychelles,2015,Historical,3.0,0.0,0.0,3.0,0.0,3.0,0.0,0.0
Seychelles,2016,Historical,12.0,0.0,0.0,12.0,0.0,12.0,0.0,0.0
Seychelles,2017,Historical,30.0,0.0,0.0,30.0,0.0,30.0,0.0,0.0
Seychelles,2018,Historical,32.0,0.0,0.0,32.0,0.0,32.0,0.0,0.0
Seychelles,2019,Historical,37.0,0.0,0.0,37.0,0.0,37.0,0.0,0.0
Seychelles,2020,Historical,26.0,0.0,0.0,26.0,0.0,26.0,0.0,0.0
Seychelles,2021,Historical,61.0,0.0,0.0,61.0,0.0,61.0,0.0,0.0
Seychelles,2022,Historical,37.0,0.0,0.0,37.0,0.0,37.0,0.0,0.0
Seychelles,2023,Historical,100.0,0.0,0.0,100.0,0.0,100.0,0.0,0.0
Slovakia,2015,Historical,52.0,0.0,0.0,52.0,0.0,52.0,0.0,0.0
Slovakia,2016,Historical,59.0,0.0,0.0,59.0,0.0,59.0,0.0,0.0
Slovakia,2017,Historical,210.0,0.0,0.0,210.0,0.0,210.0,0.0,0.0
Slovakia,2018,Historical,290.0,0.0,0.0,290.0,0.0,290.0,0.0,0.0
Slovakia,2019,Historical,360.0,0.0,0.0,360.0,0.0,160.0,200.0,0.0
Slovakia,2020,Historical,1780.0,0.0,0.0,1780.0,0.0,920.0,860.0,0.0
Slovakia,2021,Historical,2300.0,0.0,0.0,2300.0,0.0,1100.0,1200.0,0.0
Slovakia,2022,Historical,3000.0,0.0,0.0,3000.0,0.0,1400.0,1600.0,0.0
Slovakia,2023,Historical,5300.0,0.0,0.0,5300.0,0.0,2300.0,3000.0,0.0
Slovakia,2024,Historical,4400.0,0.0,0.0,4400.0,0.0,2200.0,2200.0,0.0
Slovenia,2016,Historical,186.0,0.0,0.0,186.0,0.0,140.0,46.0,0.0
Slovenia,2017,Historical,460.0,0.0,0.0,460.0,0.0,290.0,170.0,0.0
Slovenia,2018,Historical,660.0,0.0,0.0,660.0,0.0,470.0,190.0,0.0
Slovenia,2019,Historical,218.0,0.0,0.0,218.0,0.0,190.0,28.0,0.0
Slovenia,2020,Historical,1639.0,0.0,0.0,1639.0,0.0,1600.0,39.0,0.0
Slovenia,2021,Historical,2010.0,0.0,0.0,2010.0,0.0,1700.0,310.0,0.0
Slovenia,2022,Historical,2890.0,0.0,0.0,2890.0,0.0,2300.0,590.0,0.0
Slovenia,2023,Historical,5500.0,0.0,0.0,5500.0,0.0,4300.0,1200.0,0.0
Slovenia,2024,Historical,4300.0,0.0,0.0,4300.0,0.0,3100.0,1200.0,0.0
South Africa,2013,Historical,68.0,34.0,0.0,34.0,34.0,68.0,0.0,0.0
South Africa,2014,Historical,29.0,97.0,0.0,15.0,49.0,28.0,1.0,0.0
South Africa,2015,Historical,440.0,410.0,0.0,240.0,280.0,320.0,120.0,0.0
South Africa,2016,Historical,525.0,880.0,0.0,380.0,660.0,245.0,280.0,0.0
South Africa,2017,Historical,326.0,1030.0,0.0,198.0,860.0,196.0,130.0,0.0
South Africa,2018,Historical,237.0,1151.0,0.0,148.0,1010.0,155.0,82.0,0.0
South Africa,2019,Historical,436.0,1471.0,0.0,232.0,1240.0,364.0,72.0,0.0
South Africa,2020,Historical,403.0,1731.0,0.0,242.0,1470.0,253.0,150.0,0.0
South Africa,2021,Historical,382.0,1844.0,0.0,272.0,1741.0,330.0,51.0,1.0
South Africa,2022,Historical,950.0,2231.0,0.0,622.0,2223.0,828.0,120.0,2.0
South Africa,2023,Historical,1750.0,5604.0,0.0,1080.0,3503.0,1480.0,270.0,0.0
South Africa,2024,Historical,3890.0,9057.0,0.0,1940.0,5103.0,3150.0,740.0,0.0
Spain,2010,Historical,76.0,76.0,0.0,76.0,76.0,76.0,0.0,0.0
Spain,2011,Historical,422.0,468.0,0.0,398.0,468.0,414.0,8.0,0.0
Spain,2012,Historical,3140.0,3410.0,0.0,540.0,1010.0,3030.0,110.0,0.0
Spain,2013,Historical,2654.0,5990.0,0.0,882.0,1890.0,2582.0,72.0,0.0
Spain,2014,Historical,2841.0,8420.0,0.0,1730.0,3620.0,2511.0,330.0,0.0
Spain,2015,Historical,3262.0,12300.0,0.0,2080.0,5700.0,2482.0,780.0,0.0
Spain,2016,Historical,5360.0,18000.0,0.0,3500.0,9300.0,3860.0,1500.0,0.0
Spain,2017,Historical,10655.0,24242.0,0.0,7400.0,16300.0,7150.0,3505.0,0.0
Spain,2018,Historical,20639.0,43981.0,0.0,11601.0,28001.0,15030.0,5608.0,1.0
Spain,2019,Historical,30414.0,73611.0,0.0,17401.0,45002.0,23007.0,7406.0,1.0
Spain,2020,Historical,58073.0,133233.0,0.0,42007.0,88009.0,34059.0,24007.0,7.0
Spain,2021,Historical,80545.0,213544.0,0.0,67010.0,155019.0,37473.0,43062.0,10.0
Spain,2022,Historical,102065.0,309139.0,0.0,82004.0,226023.0,52960.0,49095.0,10.0
Spain,2023,Historical,142311.0,464228.0,0.0,122004.0,360027.0,77260.0,65034.0,17.0
Spain,2024,Historical,144461.0,564222.0,0.0,128007.0,450034.0,78200.0,66200.0,61.0
Switzerland,2011,Historical,441.0,441.0,0.0,441.0,441.0,400.0,41.0,0.0
Switzerland,2012,Historical,1840.0,2280.0,0.0,740.0,1180.0,1440.0,400.0,0.0
Switzerland,2013,Historical,1900.0,4130.0,0.0,1370.0,2500.0,1730.0,170.0,0.0
Switzerland,2014,Historical,3332.0,7500.0,0.0,2900.0,5410.0,3132.0,200.0,0.0
Switzerland,2015,Historical,6300.0,13650.0,0.0,5710.0,11010.0,3890.0,2400.0,10.0
Switzerland,2016,Historical,6741.0,19285.0,0.0,6126.0,16036.0,3910.0,2800.0,31.0
Switzerland,2017,Historical,8623.0,28374.0,0.0,8401.0,25037.0,5022.0,3600.0,1.0
Switzerland,2018,Historical,10710.0,39704.0,0.0,9522.0,35059.0,6278.0,4400.0,32.0
Switzerland,2019,Historical,19251.0,56639.0,0.0,17325.0,50084.0,14926.0,4300.0,25.0
Switzerland,2020,Historical,36093.0,92570.0,0.0,34000.0,84084.0,22064.0,14009.0,20.0
Switzerland,2021,Historical,57851.0,151350.0,0.0,54056.0,139140.0,35565.0,22170.0,116.0
Switzerland,2022,Historical,66067.0,220521.0,0.0,59072.0,201210.0,46990.0,19005.0,72.0
Switzerland,2023,Historical,85091.0,304210.0,0.0,76027.0,276240.0,62060.0,23000.0,31.0
Switzerland,2024,Historical,73412.0,375200.0,0.0,67012.0,340250.0,52240.0,21160.0,12.0
Thailand,2010,Historical,591.0,7704.0,0.0,1.0,4.0,591.0,0.0,0.0
Thailand,2011,Historical,269.0,6313.0,0.0,9.0,13.0,269.0,0.0,0.0
Thailand,2012,Historical,77.0,4618.0,0.0,7.0,18.0,77.0,0.0,0.0
Thailand,2013,Historical,39.0,3230.0,0.0,13.0,30.0,39.0,0.0,0.0
Thailand,2014,Historical,199.0,2499.0,0.0,69.0,99.0,136.0,63.0,0.0
Thailand,2015,Historical,48.0,2070.0,0.0,37.0,370.0,25.0,23.0,0.0
Thailand,2016,Historical,72.0,1775.0,0.0,39.0,375.0,35.0,37.0,0.0
Thailand,2017,Historical,175.0,1602.0,0.0,167.0,402.0,35.0,140.0,0.0
Thailand,2018,Historical,8780.0,9890.0,0.0,8610.0,8690.0,280.0,8500.0,0.0
Thailand,2019,Historical,11140.0,20690.0,0.0,10300.0,18890.0,1540.0,9600.0,0.0
Thailand,2020,Historical,10800.0,29600.0,0.0,9100.0,26200.0,3000.0,7800.0,0.0
Thailand,2021,Historical,13001.0,42100.0,0.0,9001.0,35100.0,5900.0,7100.0,1.0
Thailand,2022,Historical,30100.0,73000.0,0.0,20900.0,56000.0,19100.0,11000.0,0.0
Thailand,2023,Historical,111000.0,186000.0,0.0,89000.0,147000.0,99000.0,12000.0,0.0
Thailand,2024,Historical,103400.0,288000.0,0.0,80400.0,225000.0,94000.0,9400.0,0.0
Turkiye,2012,Historical,165.0,73.0,0.0,92.0,0.0,165.0,0.0,0.0
Turkiye,2013,Historical,141.0,440.0,0.0,1.0,230.0,140.0,1.0,0.0
Turkiye,2014,Historical,1168.0,1560.0,0.0,68.0,260.0,1146.0,22.0,0.0
Turkiye,2015,Historical,1630.0,3070.0,0.0,230.0,370.0,1520.0,110.0,0.0
Turkiye,2016,Historical,3727.0,6930.0,0.0,127.0,630.0,3644.0,83.0,0.0
Turkiye,2017,Historical,6111.0,12740.0,0.0,111.0,740.0,6077.0,34.0,0.0
Turkiye,2018,Historical,5635.0,18930.0,0.0,235.0,930.0,5590.0,45.0,0.0
Turkiye,2019,Historical,6344.0,25840.0,0.0,324.0,1840.0,6250.0,94.0,0.0
Turkiye,2020,Historical,7990.0,33900.0,0.0,1290.0,3900.0,7590.0,400.0,0.0
Turkiye,2021,Historical,13620.0,48600.0,0.0,3920.0,8600.0,12700.0,920.0,0.0
Turkiye,2022,Historical,22540.0,71310.0,0.0,7540.0,16300.0,22000.0,540.0,0.0
Turkiye,2023,Historical,144940.0,212160.0,0.0,68700.0,81900.0,142240.0,2700.0,0.0
Turkiye,2024,Historical,226162.0,442722.0,0.0,105700.0,192000.0,219462.0,6700.0,0.0
United States,2010,Historical,1210.0,3810.0,0.0,1200.0,3800.0,1210.0,0.0,0.0
United States,2011,Historical,17980.0,22380.0,0.0,17800.0,22000.0,9980.0,8000.0,0.0
United States,2012,Historical,55280.0,76660.0,0.0,54000.0,75000.0,16280.0,39000.0,0.0
United States,2013,Historical,98799.0,175459.0,0.0,97000.0,172000.0,49750.0,49000.0,49.0
United States,2014,Historical,120437.0,295866.0,0.0,118055.0,290055.0,65301.0,55000.0,136.0
United States,2015,Historical,117525.0,409275.0,0.0,114100.0,400160.0,73244.0,44100.0,181.0
United States,2016,Historical,163130.0,582522.0,0.0,161100.0,571200.0,89030.0,73000.0,1100.0
United States,2017,Historical,198750.0,777307.0,0.0,196300.0,763500.0,102450.0,94000.0,2300.0
United States,2018,Historical,365970.0,1143413.0,0.0,362700.0,1126200.0,243270.0,120000.0,2700.0
United States,2019,Historical,333860.0,1482323.0,0.0,327000.0,1458200.0,246860.0,85000.0,2000.0
United States,2020,Historical,303882.0,1780845.0,0.0,295200.0,1749200.0,238660.0,64000.0,1222.0
United States,2020,STEPS,303882.0,1780845.0,0.0,295200.0,1749200.0,238660.0,64000.0,1222.0
United States,2021,Historical,642530.0,2272660.0,0.0,633100.0,2232000.0,479415.0,160000.0,3115.0
United States,2021,STEPS,642530.0,2272660.0,0.0,633100.0,2232000.0,479415.0,160000.0,3115.0
United States,2022,Historical,1012440.0,3085101.0,0.0,992700.0,3025000.0,819600.0,190000.0,2840.0
United States,2022,STEPS,1012440.0,3085101.0,0.0,992700.0,3025000.0,819600.0,190000.0,2840.0
United States,2023,Historical,1421520.0,4905821.0,0.0,1393000.0,4818000.0,1128400.0,290000.0,3120.0
United States,2023,STEPS,1421520.0,4905821.0,0.0,1393000.0,4818000.0,1128400.0,290000.0,3120.0
United States,2024,Historical,1556110.0,6442330.0,0.0,1520630.0,6319000.0,1235300.0,320000.0,810.0
United States,2024,STEPS,1556110.0,6442330.0,25.264,1520630.0,6319000.0,1235300.0,320000.0,810.0
United States,2030,STEPS,3704070.0,22773200.0,91.439,3371500.0,21521000.0,2985000.0,684470.0,34600.0
Uzbekistan,2023,Historical,10260.0,9960.0,0.0,9960.0,9960.0,1060.0,9200.0,0.0
Uzbekistan,2024,Historical,22800.0,32400.0,0.0,22600.0,32400.0,5800.0,17000.0,0.0
Viet Nam,2014,Historical,1400.0,1400.0,0.0,0.0,0.0,1400.0,0.0,0.0
Viet Nam,2015,Historical,4200.0,5600.0,0.0,0.0,0.0,4200.0,0.0,0.0
Viet Nam,2016,Historical,35000.0,40000.0,0.0,0.0,0.0,35000.0,0.0,0.0
Viet Nam,2017,Historical,42000.0,82000.0,0.0,0.0,0.0,42000.0,0.0,0.0
Viet Nam,2018,Historical,96003.0,180003.0,0.0,3.0,3.0,96003.0,0.0,0.0
Viet Nam,2019,Historical,190000.0,360003.0,0.0,0.0,3.0,190000.0,0.0,0.0
Viet Nam,2020,Historical,210000.0,570003.0,0.0,0.0,3.0,210000.0,0.0,0.0
Viet Nam,2021,Historical,250086.0,820089.0,0.0,85.0,88.0,250086.0,0.0,0.0
Viet Nam,2022,Historical,267319.0,1107420.0,0.0,7319.0,7419.0,267300.0,19.0,0.0
Viet Nam,2023,Historical,282064.0,1339083.0,0.0,32064.0,39083.0,282000.0,64.0,0.0
Viet Nam,2024,Historical,319084.0,1710170.0,0.0,69084.0,110170.0,319000.0,84.0,0.0
World,2010,Historical,50702.0,87348.0,0.0,7463.0,20426.0,50237.0,450.0,15.0
World,2011,Historical,84050.0,186252.0,0.0,49000.0,67526.0,74890.0,9160.0,0.0
World,2012,Historical,2131150.0,2225623.0,0.0,118001.0,190026.0,2070628.0,60521.0,1.0
World,2013,Historical,2516118.0,4539265.0,0.0,201023.0,390027.0,2423240.0,92805.0,73.0
World,2014,Historical,3151566.0,7491796.0,0.0,330089.0,710087.0,3015355.0,136037.0,174.0
World,2015,Historical,3423671.0,10859732.0,0.0,520720.0,1250810.0,3218000.0,204811.0,860.0
World,2016,Historical,4037635.0,15410758.0,0.0,782400.0,2003100.0,3717000.0,318084.0,2551.0
World,2017,Historical,5049350.0,20761700.0,0.0,1203500.0,3106800.0,4605000.0,440434.0,3916.0
World,2018,Historical,7458400.0,27999450.0,0.0,2054500.0,5111000.0,6801000.0,651494.0,5906.0
World,2019,Historical,8947332.0,38293971.0,0.0,2087500.0,7219000.0,8355000.0,581715.0,10617.0
World,2020,Historical,11946009.0,49448225.0,0.0,2977600.0,10226000.0,10961000.0,974432.0,10577.0
World,2020,STEPS,11946009.0,49448225.0,0.0,2977600.0,10226000.0,10961000.0,974432.0,10577.0
World,2021,Historical,17850265.0,65800427.0,0.0,6616000.0,16342000.0,15924000.0,1907852.0,18413.0
World,2021,STEPS,17850265.0,65800427.0,0.0,6616000.0,16342000.0,15924000.0,1907852.0,18413.0
World,2022,Historical,20429803.0,80898940.0,0.0,10215000.0,26057000.0,17500000.0,2909373.0,20430.0
World,2022,STEPS,20429803.0,80898940.0,0.0,10215000.0,26057000.0,17500000.0,2909373.0,20430.0
World,2023,Historical,24279760.0,111425565.0,0.0,13709000.0,40066000.0,20055000.0,4208260.0,16500.0
World,2023,STEPS,24279760.0,111425565.0,0.0,13709000.0,40066000.0,20055000.0,4208260.0,16500.0
World,2024,Historical,28329902.0,140210558.0,0.0,17505300.0,58070000.0,21803000.0,6512202.0,14700.0
World,2024,STEPS,28329902.0,140210558.0,176.1,17505300.0,58070000.0,21803000.0,6512202.0,14700.0
World,2030,STEPS,74921100.0,419826000.0,781.0,40042000.0,232220000.0,62570000.0,12178100.0,173000.0
