common_region,year,ev_scenario,ev_sales,ev_stock,ev_electricity_twh,ev_sales_cars,ev_stock_cars,ev_sales_bev,ev_sales_phev,ev_sales_fcev,ai_scenario,ai_it_electricity_twh,ai_it_capacity_gw,ai_load_factor,ai_pue,ai_electricity_twh,ai_capacity_gw,ccus_project_count,annual_ccus_capacity_tpa,annual_ccus_capacity_mtpa,cumulative_ccus_capacity_tpa,cumulative_ccus_capacity_mtpa,operating_project_count,planned_project_count,under_construction_project_count,combined_electricity_demand_twh,ev_share_of_combined_demand,ai_share_of_combined_demand,ccus_capacity_per_twh_demand,ev_ai_growth_pressure_score,ccus_buffer_score,ev_growth_rate,ai_growth_rate,demand_pressure_component,ev_growth_pressure_component,ai_growth_pressure_component,ccus_buffer_component,regional_pressure_score,pressure_class
Africa,2020,Historical,1475.0,3326.0,0.0,430.0,1940.0,1265.0,210.0,0.0,Historical,0.6,0.1,49.0,1.97,1.1,0.3,0,0.0,0.0,0.0,0.0,0,0,0,1.1,0.0,1.0,0.0,0.0,15.11627906976744,0.0,0.0,2.3255813953488373,46.51162790697674,33.72093023255814,15.11627906976744,31.102362204724404,Medium Pressure
Africa,2023,Historical,10890.0,26261.0,0.0,3790.0,9303.0,10200.0,690.0,0.0,Historical,0.7,0.2,46.0,1.85,1.3,0.3,0,0.0,0.0,0.0,0.0,0,0,0,1.3,0.0,1.0,0.0,0.0,15.11627906976744,0.0,0.18181818181818166,4.651162790697675,46.51162790697674,81.3953488372093,15.11627906976744,48.62204724409449,Medium Pressure
Africa,2024,Historical,20500.0,45803.0,0.0,10500.0,19203.0,18400.0,2100.0,0.0,Historical,0.8,0.2,46.0,1.81,1.4,0.4,3,50000.0,0.05,50000.0,0.05,0,3,0,1.4,0.0,1.0,35714.28571428572,0.0,30.23255813953488,0.0,0.07692307692307687,6.976744186046512,46.51162790697674,69.76744186046511,30.23255813953488,39.66535433070867,Medium Pressure
Asia Pacific,2020,Historical,10078090.0,43064637.0,0.0,1255500.0,5014000.0,9808000.0,261830.0,8260.0,Historical,55.0,12.0,50.0,1.68,93.0,21.0,0,0.0,0.0,0.0,0.0,0,0,0,93.0,0.0,1.0,0.0,0.0,15.11627906976744,0.0,0.0,37.2093023255814,46.51162790697674,33.72093023255814,15.11627906976744,51.77165354330708,High Pressure
Asia Pacific,2023,Historical,18978635.0,93042103.0,0.0,8805100.0,23242000.0,16165000.0,2801635.0,12000.0,Historical,82.0,19.0,48.0,1.55,128.0,30.0,0,0.0,0.0,0.0,0.0,0,0,0,128.0,0.0,1.0,0.0,0.0,15.11627906976744,0.0,0.3763440860215055,51.162790697674424,46.51162790697674,95.34883720930233,15.11627906976744,80.90551181102363,Critical Pressure
Asia Pacific,2024,Historical,22334735.0,114455503.0,0.0,12003500.0,35045000.0,17323000.0,5000035.0,11700.0,Historical,100.0,24.0,48.0,1.5,150.0,36.0,0,0.0,0.0,0.0,0.0,0,0,0,150.0,0.0,1.0,0.0,0.0,15.11627906976744,0.0,0.171875,53.48837209302325,46.51162790697674,79.06976744186046,15.11627906976744,76.77165354330707,Critical Pressure
Central and South America,2020,Historical,16767.0,543813.0,0.0,4900.0,11700.0,14266.0,2500.0,1.0,Historical,0.8,0.2,50.0,1.82,1.5,0.3,0,0.0,0.0,14200000.0,14.2,0,0,0,1.5,0.0,1.0,9466666.666666666,0.0,97.67441860465115,0.0,0.0,10.465116279069768,46.51162790697674,33.72093023255814,97.67441860465115,0.9842519685039418,Low Pressure
Central and South America,2023,Historical,89391.0,687574.9,0.0,73000.0,138005.0,52390.0,37000.0,1.0,Historical,0.8,0.2,48.0,1.73,1.5,0.4,1,0.0,0.0,14430000.0,14.43,0,1,0,1.5,0.0,1.0,9620000.0,0.0,100.0,0.0,0.0,10.465116279069768,46.51162790697674,33.72093023255814,100.0,0.0,Low Pressure
Central and South America,2024,Historical,182576.0,864180.8,0.0,167000.0,310005.0,113570.0,69001.0,5.0,Historical,1.0,0.2,47.0,1.7,1.7,0.4,1,0.0,0.0,14430000.0,14.43,0,1,0,1.7,0.0,1.0,8488235.294117648,0.0,95.34883720930233,0.0,0.1333333333333333,13.953488372093023,46.51162790697674,72.09302325581395,95.34883720930233,17.0275590551181,Low Pressure
China,2020,Historical,9442328.0,38490635.0,0.0,1140000.0,4490000.0,9218000.0,221828.0,2500.0,Historical,37.0,8.0,50.0,1.67,62.0,14.0,0,0.0,0.0,0.0,0.0,0,0,0,62.0,0.0,1.0,0.0,0.0,15.11627906976744,0.0,0.0,22.093023255813954,46.51162790697674,33.72093023255814,15.11627906976744,42.81496062992126,Medium Pressure
China,2020,STEPS,9442328.0,38490635.0,0.0,1140000.0,4490000.0,9218000.0,221828.0,2500.0,Historical,37.0,8.0,50.0,1.67,62.0,14.0,0,0.0,0.0,0.0,0.0,0,0,0,62.0,0.0,1.0,0.0,0.0,15.11627906976744,0.0,0.0,22.093023255813954,46.51162790697674,33.72093023255814,15.11627906976744,42.81496062992126,Medium Pressure
China,2023,Historical,16215640.0,83429960.0,0.0,8100520.0,21800760.0,13507000.0,2701620.0,7020.0,Historical,54.0,13.0,48.0,1.56,84.0,20.0,0,0.0,0.0,0.0,0.0,0,0,0,84.0,0.0,1.0,0.0,0.0,15.11627906976744,0.0,0.35483870967741926,33.72093023255814,46.51162790697674,93.02325581395348,15.11627906976744,69.78346456692913,High Pressure
China,2023,STEPS,16215640.0,83429960.0,0.0,8100520.0,21800760.0,13507000.0,2701620.0,7020.0,Historical,54.0,13.0,48.0,1.56,84.0,20.0,0,0.0,0.0,0.0,0.0,0,0,0,84.0,0.0,1.0,0.0,0.0,15.11627906976744,0.0,0.0,33.72093023255814,46.51162790697674,33.72093023255814,15.11627906976744,49.704724409448815,Medium Pressure
China,2024,Historical,19081862.0,103179720.0,0.0,11300062.0,34000820.0,14174000.0,4900000.0,7862.0,Historical,68.0,16.0,48.0,1.5,102.0,24.0,0,0.0,0.0,0.0,0.0,0,0,0,102.0,0.0,1.0,0.0,0.0,15.11627906976744,0.0,0.2142857142857142,39.53488372093023,46.51162790697674,88.37209302325581,15.11627906976744,71.65354330708661,High Pressure
China,2024,STEPS,19081862.0,103179720.0,103.5,11300062.0,34000820.0,14174000.0,4900000.0,7862.0,Historical,68.0,16.0,48.0,1.5,102.0,24.0,0,0.0,0.0,0.0,0.0,0,0,0,205.5,0.5036496350364964,0.49635036496350365,0.0,0.0,15.11627906976744,0.0,0.0,67.44186046511628,46.51162790697674,33.72093023255814,15.11627906976744,69.68503937007874,High Pressure
China,2030,STEPS,35908100.0,238138000.0,401.0,21225000.0,138078000.0,27580000.0,8254600.0,73500.0,Base Case,205.0,49.0,47.0,1.35,277.0,67.0,0,0.0,0.0,0.0,0.0,0,0,0,678.0,0.5914454277286135,0.4085545722713864,0.0,0.0,15.11627906976744,2.8743961352657004,0.0,90.69767441860465,95.34883720930233,33.72093023255814,15.11627906976744,100.0,Critical Pressure
Europe,2020,Historical,2794712.0,6715888.0,0.0,2560754.0,5787186.0,1630415.0,1162361.0,1936.0,Historical,36.0,8.0,51.0,1.57,57.0,13.0,13,22564000.0,22.564,40348000.0,40.348,1,6,0,57.0,0.0,1.0,707859.649122807,0.0,45.348837209302324,0.0,0.0,17.441860465116278,46.51162790697674,33.72093023255814,45.348837209302324,27.263779527559052,Medium Pressure
Europe,2020,STEPS,1516730.0,3629985.0,0.0,1380890.0,3102700.0,884500.0,631234.0,996.0,Historical,36.0,8.0,51.0,1.57,57.0,13.0,13,22564000.0,22.564,40348000.0,40.348,1,6,0,57.0,0.0,1.0,707859.649122807,0.0,45.348837209302324,0.0,0.0,17.441860465116278,46.51162790697674,33.72093023255814,45.348837209302324,27.263779527559052,Medium Pressure
Europe,2023,Historical,6225240.0,22548951.0,0.0,5667595.0,20320146.0,4434130.0,1788966.0,2144.0,Historical,45.0,10.0,49.0,1.47,66.0,15.0,24,74105000.0,74.105,158592000.0,158.592,0,23,0,66.0,0.0,1.0,2402909.090909091,0.0,73.25581395348837,0.0,0.1578947368421053,26.744186046511626,46.51162790697674,76.74418604651163,73.25581395348837,35.53149606299212,Medium Pressure
Europe,2023,STEPS,3553062.0,12511762.0,0.0,3200870.0,11205400.0,2549300.0,1002577.0,1185.0,Historical,45.0,10.0,49.0,1.47,66.0,15.0,24,74105000.0,74.105,158592000.0,158.592,0,23,0,66.0,0.0,1.0,2402909.090909091,0.0,73.25581395348837,0.0,0.0,26.744186046511626,46.51162790697674,33.72093023255814,73.25581395348837,20.964566929133856,Low Pressure
Europe,2024,Historical,6173592.0,28188272.0,0.0,5615784.0,25471640.0,4424840.0,1745020.0,3732.0,Historical,47.0,11.0,48.0,1.45,68.0,16.0,21,29261000.0,29.261,187853000.0,187.853,1,18,0,68.0,0.0,1.0,2762544.117647059,0.0,81.3953488372093,0.0,0.030303030303030276,30.23255813953488,46.51162790697674,67.44186046511628,81.3953488372093,31.003937007874015,Medium Pressure
Europe,2024,STEPS,3549201.0,15719425.0,34.08,3181100.0,14106100.0,2561600.0,985671.0,1930.0,Historical,47.0,11.0,48.0,1.45,68.0,16.0,21,29261000.0,29.261,187853000.0,187.853,1,18,0,102.08,0.3338557993730407,0.6661442006269592,1840252.7429467086,0.0,60.46511627906976,0.0,0.0,41.86046511627907,46.51162790697674,33.72093023255814,60.46511627906976,35.33464566929134,Medium Pressure
Europe,2030,STEPS,11663020.0,59905500.0,167.83,9504400.0,50032000.0,10076000.0,1560720.0,26300.0,Base Case,88.0,21.0,48.0,1.29,113.0,27.0,86,235496000.0,235.496,724914000.0,724.914,0,81,0,280.83000000000004,0.5976213367517715,0.4023786632482284,2581326.781326781,0.0,76.74418604651163,3.924589201877935,0.0,76.74418604651163,100.0,33.72093023255814,76.74418604651163,67.2244094488189,High Pressure
North America,2020,Historical,309199.0,1802291.0,0.0,297200.0,1759200.0,241977.0,66000.0,1222.0,Historical,80.0,17.0,53.0,1.39,112.0,24.0,10,30361000.0,30.361,76511000.0,76.511,5,5,0,112.0,0.0,1.0,683133.9285714285,0.0,41.86046511627907,0.0,0.0,48.837209302325576,46.51162790697674,33.72093023255814,41.86046511627907,47.342519685039356,Medium Pressure
North America,2023,Historical,1438816.0,4932967.0,0.0,1403000.0,4818000.0,1135600.0,300001.0,3215.0,Historical,120.0,26.0,51.0,1.32,158.0,35.0,77,437949000.0,437.949,605316000.0,605.316,5,66,0,158.0,0.0,1.0,3831113.924050633,0.0,93.02325581395348,0.0,0.4107142857142858,60.46511627906976,46.51162790697674,97.67441860465115,93.02325581395348,54.23228346456692,High Pressure
North America,2024,Historical,1676681.0,6573645.0,0.0,1630630.0,6419000.0,1345700.0,330001.0,980.0,Historical,142.0,32.0,50.0,1.32,187.0,43.0,28,7482000.0,7.482,612798000.0,612.798,3,22,1,187.0,0.0,1.0,3276994.6524064173,0.0,86.04651162790698,0.0,0.18354430379746844,65.11627906976744,46.51162790697674,83.72093023255815,86.04651162790698,55.21653543307087,High Pressure
United States,2020,Historical,303882.0,1780845.0,0.0,295200.0,1749200.0,238660.0,64000.0,1222.0,Historical,78.0,17.0,53.0,1.39,108.0,23.0,5,9661000.0,9.661,51411000.0,51.411,0,5,0,108.0,0.0,1.0,476027.77777777775,0.0,33.72093023255814,0.0,0.0,45.348837209302324,46.51162790697674,33.72093023255814,33.72093023255814,48.72047244094488,Medium Pressure
United States,2020,STEPS,303882.0,1780845.0,0.0,295200.0,1749200.0,238660.0,64000.0,1222.0,Historical,78.0,17.0,53.0,1.39,108.0,23.0,5,9661000.0,9.661,51411000.0,51.411,0,5,0,108.0,0.0,1.0,476027.77777777775,0.0,33.72093023255814,0.0,0.0,45.348837209302324,46.51162790697674,33.72093023255814,33.72093023255814,48.72047244094488,Medium Pressure
United States,2023,Historical,1421520.0,4905821.0,0.0,1393000.0,4818000.0,1128400.0,290000.0,3120.0,Historical,117.0,26.0,51.0,1.31,154.0,35.0,73,437949000.0,437.949,539023000.0,539.023,5,63,0,154.0,0.0,1.0,3500149.350649351,0.0,89.53488372093024,0.0,0.4259259259259258,56.97674418604651,46.51162790697674,100.0,89.53488372093024,54.42913385826771,High Pressure
United States,2023,STEPS,1421520.0,4905821.0,0.0,1393000.0,4818000.0,1128400.0,290000.0,3120.0,Historical,117.0,26.0,51.0,1.31,154.0,35.0,73,437949000.0,437.949,539023000.0,539.023,5,63,0,154.0,0.0,1.0,3500149.350649351,0.0,89.53488372093024,0.0,0.0,56.97674418604651,46.51162790697674,33.72093023255814,89.53488372093024,31.988188976377952,Medium Pressure
United States,2024,Historical,1556110.0,6442330.0,0.0,1520630.0,6319000.0,1235300.0,320000.0,810.0,Historical,139.0,31.0,50.0,1.32,183.0,42.0,25,7336000.0,7.336,546359000.0,546.359,3,20,0,183.0,0.0,1.0,2985568.306010929,0.0,83.72093023255815,0.0,0.1883116883116882,62.7906976744186,46.51162790697674,86.04651162790698,83.72093023255815,55.610236220472444,High Pressure
United States,2024,STEPS,1556110.0,6442330.0,25.264,1520630.0,6319000.0,1235300.0,320000.0,810.0,Historical,139.0,31.0,50.0,1.32,183.0,42.0,25,7336000.0,7.336,546359000.0,546.359,3,20,0,208.264,0.12130757115968194,0.8786924288403181,2623396.266277417,0.0,79.06976744186046,0.0,0.0,69.76744186046511,46.51162790697674,33.72093023255814,79.06976744186046,43.996062992125985,Medium Pressure
United States,2030,STEPS,3704070.0,22773200.0,91.439,3371500.0,21521000.0,2985000.0,684470.0,34600.0,Base Case,345.0,81.0,49.0,1.23,426.0,100.0,25,82740000.0,82.74,971550000.0,971.55,0,25,0,517.439,0.1767145499276243,0.8232854500723757,1877612.6268023865,0.0,62.7906976744186,2.6193397720075997,0.0,86.04651162790698,93.02325581395348,33.72093023255814,62.7906976744186,76.27952755905513,Critical Pressure
World,2020,Historical,11946009.0,49448225.0,0.0,2977600.0,10226000.0,10961000.0,974432.0,10577.0,Historical,176.0,38.0,51.0,1.53,269.0,60.0,24,53105000.0,53.105,140739000.0,140.739,7,11,0,269.0,0.0,1.0,523193.3085501859,0.0,38.372093023255815,0.0,0.0,73.25581395348837,46.51162790697674,33.72093023255814,38.372093023255815,63.28740157480315,High Pressure
World,2020,STEPS,11946009.0,49448225.0,0.0,2977600.0,10226000.0,10961000.0,974432.0,10577.0,Historical,176.0,38.0,51.0,1.53,269.0,60.0,24,53105000.0,53.105,140739000.0,140.739,7,11,0,269.0,0.0,1.0,523193.3085501859,0.0,38.372093023255815,0.0,0.0,73.25581395348837,46.51162790697674,33.72093023255814,38.372093023255815,63.28740157480315,High Pressure
World,2023,Historical,24279760.0,111425565.0,0.0,13709000.0,40066000.0,20055000.0,4208260.0,16500.0,Historical,252.0,57.0,49.0,1.43,361.0,83.0,127,533914000.0,533.914,855038000.0,855.038,11,109,0,361.0,0.0,1.0,2368526.3157894737,0.0,68.6046511627907,0.0,0.3420074349442379,80.23255813953489,46.51162790697674,90.69767441860465,68.6046511627907,73.91732283464566,High Pressure
World,2023,STEPS,24279760.0,111425565.0,0.0,13709000.0,40066000.0,20055000.0,4208260.0,16500.0,Historical,252.0,57.0,49.0,1.43,361.0,83.0,127,533914000.0,533.914,855038000.0,855.038,11,109,0,361.0,0.0,1.0,2368526.3157894737,0.0,68.6046511627907,0.0,0.0,80.23255813953489,46.51162790697674,33.72093023255814,68.6046511627907,54.6259842519685,High Pressure
World,2024,Historical,28329902.0,140210558.0,0.0,17505300.0,58070000.0,21803000.0,6512202.0,14700.0,Historical,295.0,68.0,49.0,1.41,416.0,97.0,78,48079000.0,48.079,903117000.0,903.117,11,62,1,416.0,0.0,1.0,2170954.326923077,0.0,65.11627906976744,0.0,0.1523545706371192,83.72093023255815,46.51162790697674,74.4186046511628,65.11627906976744,71.9488188976378,High Pressure
World,2024,STEPS,28329902.0,140210558.0,176.1,17505300.0,58070000.0,21803000.0,6512202.0,14700.0,Historical,295.0,68.0,49.0,1.41,416.0,97.0,78,48079000.0,48.079,903117000.0,903.117,11,62,1,592.1,0.29741597703090694,0.7025840229690931,1525277.824691775,0.0,58.139534883720934,0.0,0.0,88.37209302325581,46.51162790697674,33.72093023255814,58.139534883720934,63.87795275590551,High Pressure
World,2030,STEPS,74921100.0,419826000.0,781.0,40042000.0,232220000.0,62570000.0,12178100.0,173000.0,Base Case,733.0,174.0,48.0,1.29,946.0,226.0,165,444864000.0,444.864,2133298000.0,2133.298,0,158,1,1727.0,0.45222929936305734,0.5477707006369427,1235262.3045744065,0.0,51.162790697674424,3.4349801249290177,0.0,97.67441860465115,97.67441860465115,33.72093023255814,51.162790697674424,89.66535433070865,Critical Pressure
World,2030,STEPS,74921100.0,419826000.0,781.0,40042000.0,232220000.0,62570000.0,12178100.0,173000.0,Headwinds,522.0,122.0,48.0,1.28,669.0,158.0,165,444864000.0,444.864,2133298000.0,2133.298,0,158,1,1450.0,0.5386206896551724,0.4613793103448276,1471240.0,0.0,55.81395348837209,0.0,0.0,93.02325581395348,46.51162790697674,33.72093023255814,55.81395348837209,67.61811023622046,High Pressure
World,2030,STEPS,74921100.0,419826000.0,781.0,40042000.0,232220000.0,62570000.0,12178100.0,173000.0,High Efficiency,657.0,153.0,49.0,1.21,792.0,185.0,165,444864000.0,444.864,2133298000.0,2133.298,0,158,1,1573.0,0.4965034965034965,0.5034965034965035,1356197.0756516212,0.0,53.48837209302325,0.0,0.0,95.34883720930233,46.51162790697674,33.72093023255814,53.48837209302325,69.98031496062993,High Pressure
World,2030,STEPS,74921100.0,419826000.0,781.0,40042000.0,232220000.0,62570000.0,12178100.0,173000.0,Lift-Off,972.0,233.0,47.0,1.3,1264.0,305.0,165,444864000.0,444.864,2133298000.0,2133.298,0,158,1,2045.0,0.3819070904645477,0.6180929095354524,1043177.5061124695,0.0,48.837209302325576,0.0,0.0,100.0,46.51162790697674,33.72093023255814,48.837209302325576,74.70472440944883,High Pressure
