Region,Metric,Scenario,Year,Value
World,Total installed capacity (GW),Base Case,2020,60.0
World,Total installed capacity (GW),Base Case,2023,83.0
World,Total installed capacity (GW),Base Case,2024,97.0
World,Total installed capacity (GW),Base Case,2030,226.0
North America,Total installed capacity (GW),Base Case,2020,24.0
North America,Total installed capacity (GW),Base Case,2023,35.0
North America,Total installed capacity (GW),Base Case,2024,43.0
North America,Total installed capacity (GW),Base Case,2030,102.0
United States,Total installed capacity (GW),Base Case,2020,23.0
United States,Total installed capacity (GW),Base Case,2023,35.0
United States,Total installed capacity (GW),Base Case,2024,42.0
United States,Total installed capacity (GW),Base Case,2030,100.0
Central and South America,Total installed capacity (GW),Base Case,2020,0.3
Central and South America,Total installed capacity (GW),Base Case,2023,0.4
Central and South America,Total installed capacity (GW),Base Case,2024,0.4
Central and South America,Total installed capacity (GW),Base Case,2030,0.8
Europe,Total installed capacity (GW),Base Case,2020,13.0
Europe,Total installed capacity (GW),Base Case,2023,15.0
Europe,Total installed capacity (GW),Base Case,2024,16.0
Europe,Total installed capacity (GW),Base Case,2030,27.0
Africa,Total installed capacity (GW),Base Case,2020,0.3
Africa,Total installed capacity (GW),Base Case,2023,0.3
Africa,Total installed capacity (GW),Base Case,2024,0.4
Africa,Total installed capacity (GW),Base Case,2030,0.7
Middle East,Total installed capacity (GW),Base Case,2020,0.3
Middle East,Total installed capacity (GW),Base Case,2023,0.3
Middle East,Total installed capacity (GW),Base Case,2024,0.4
Middle East,Total installed capacity (GW),Base Case,2030,0.7
Asia Pacific,Total installed capacity (GW),Base Case,2020,21.0
Asia Pacific,Total installed capacity (GW),Base Case,2023,30.0
Asia Pacific,Total installed capacity (GW),Base Case,2024,36.0
Asia Pacific,Total installed capacity (GW),Base Case,2030,92.0
China,Total installed capacity (GW),Base Case,2020,14.0
China,Total installed capacity (GW),Base Case,2023,20.0
China,Total installed capacity (GW),Base Case,2024,24.0
China,Total installed capacity (GW),Base Case,2030,67.0
World,IT installed capacity (GW),Base Case,2020,38.0
World,IT installed capacity (GW),Base Case,2023,57.0
World,IT installed capacity (GW),Base Case,2024,68.0
World,IT installed capacity (GW),Base Case,2030,174.0
North America,IT installed capacity (GW),Base Case,2020,17.0
North America,IT installed capacity (GW),Base Case,2023,26.0
North America,IT installed capacity (GW),Base Case,2024,32.0
North America,IT installed capacity (GW),Base Case,2030,82.0
United States,IT installed capacity (GW),Base Case,2020,17.0
United States,IT installed capacity (GW),Base Case,2023,26.0
United States,IT installed capacity (GW),Base Case,2024,31.0
United States,IT installed capacity (GW),Base Case,2030,81.0
Central and South America,IT installed capacity (GW),Base Case,2020,0.2
Central and South America,IT installed capacity (GW),Base Case,2023,0.2
Central and South America,IT installed capacity (GW),Base Case,2024,0.2
Central and South America,IT installed capacity (GW),Base Case,2030,0.5
Europe,IT installed capacity (GW),Base Case,2020,8.0
Europe,IT installed capacity (GW),Base Case,2023,10.0
Europe,IT installed capacity (GW),Base Case,2024,11.0
Europe,IT installed capacity (GW),Base Case,2030,21.0
Africa,IT installed capacity (GW),Base Case,2020,0.1
Africa,IT installed capacity (GW),Base Case,2023,0.2
Africa,IT installed capacity (GW),Base Case,2024,0.2
Africa,IT installed capacity (GW),Base Case,2030,0.5
Middle East,IT installed capacity (GW),Base Case,2020,0.1
Middle East,IT installed capacity (GW),Base Case,2023,0.2
Middle East,IT installed capacity (GW),Base Case,2024,0.2
Middle East,IT installed capacity (GW),Base Case,2030,0.4
Asia Pacific,IT installed capacity (GW),Base Case,2020,12.0
Asia Pacific,IT installed capacity (GW),Base Case,2023,19.0
Asia Pacific,IT installed capacity (GW),Base Case,2024,24.0
Asia Pacific,IT installed capacity (GW),Base Case,2030,67.0
China,IT installed capacity (GW),Base Case,2020,8.0
China,IT installed capacity (GW),Base Case,2023,13.0
China,IT installed capacity (GW),Base Case,2024,16.0
China,IT installed capacity (GW),Base Case,2030,49.0
World,Power usage effectiveness,Base Case,2020,1.53
World,Power usage effectiveness,Base Case,2023,1.43
World,Power usage effectiveness,Base Case,2024,1.41
World,Power usage effectiveness,Base Case,2030,1.29
North America,Power usage effectiveness,Base Case,2020,1.39
North America,Power usage effectiveness,Base Case,2023,1.32
North America,Power usage effectiveness,Base Case,2024,1.32
North America,Power usage effectiveness,Base Case,2030,1.24
United States,Power usage effectiveness,Base Case,2020,1.39
United States,Power usage effectiveness,Base Case,2023,1.31
United States,Power usage effectiveness,Base Case,2024,1.32
United States,Power usage effectiveness,Base Case,2030,1.23
Central and South America,Power usage effectiveness,Base Case,2020,1.82
Central and South America,Power usage effectiveness,Base Case,2023,1.73
Central and South America,Power usage effectiveness,Base Case,2024,1.7
Central and South America,Power usage effectiveness,Base Case,2030,1.5
Europe,Power usage effectiveness,Base Case,2020,1.57
Europe,Power usage effectiveness,Base Case,2023,1.47
Europe,Power usage effectiveness,Base Case,2024,1.45
Europe,Power usage effectiveness,Base Case,2030,1.29
Africa,Power usage effectiveness,Base Case,2020,1.97
Africa,Power usage effectiveness,Base Case,2023,1.85
Africa,Power usage effectiveness,Base Case,2024,1.81
Africa,Power usage effectiveness,Base Case,2030,1.59
Middle East,Power usage effectiveness,Base Case,2020,2.06
Middle East,Power usage effectiveness,Base Case,2023,1.96
Middle East,Power usage effectiveness,Base Case,2024,1.92
Middle East,Power usage effectiveness,Base Case,2030,1.7
Asia Pacific,Power usage effectiveness,Base Case,2020,1.68
Asia Pacific,Power usage effectiveness,Base Case,2023,1.55
Asia Pacific,Power usage effectiveness,Base Case,2024,1.5
Asia Pacific,Power usage effectiveness,Base Case,2030,1.35
China,Power usage effectiveness,Base Case,2020,1.67
China,Power usage effectiveness,Base Case,2023,1.56
China,Power usage effectiveness,Base Case,2024,1.5
China,Power usage effectiveness,Base Case,2030,1.35
World,Load factor (%),Base Case,2020,51.0
World,Load factor (%),Base Case,2023,49.0
World,Load factor (%),Base Case,2024,49.0
World,Load factor (%),Base Case,2030,48.0
North America,Load factor (%),Base Case,2020,53.0
North America,Load factor (%),Base Case,2023,51.0
North America,Load factor (%),Base Case,2024,50.0
North America,Load factor (%),Base Case,2030,48.0
United States,Load factor (%),Base Case,2020,53.0
United States,Load factor (%),Base Case,2023,51.0
United States,Load factor (%),Base Case,2024,50.0
United States,Load factor (%),Base Case,2030,49.0
Central and South America,Load factor (%),Base Case,2020,50.0
Central and South America,Load factor (%),Base Case,2023,48.0
Central and South America,Load factor (%),Base Case,2024,47.0
Central and South America,Load factor (%),Base Case,2030,46.0
Europe,Load factor (%),Base Case,2020,51.0
Europe,Load factor (%),Base Case,2023,49.0
Europe,Load factor (%),Base Case,2024,48.0
Europe,Load factor (%),Base Case,2030,48.0
Africa,Load factor (%),Base Case,2020,49.0
Africa,Load factor (%),Base Case,2023,46.0
Africa,Load factor (%),Base Case,2024,46.0
Africa,Load factor (%),Base Case,2030,45.0
Middle East,Load factor (%),Base Case,2020,49.0
Middle East,Load factor (%),Base Case,2023,46.0
Middle East,Load factor (%),Base Case,2024,46.0
Middle East,Load factor (%),Base Case,2030,45.0
Asia Pacific,Load factor (%),Base Case,2020,50.0
Asia Pacific,Load factor (%),Base Case,2023,48.0
Asia Pacific,Load factor (%),Base Case,2024,48.0
Asia Pacific,Load factor (%),Base Case,2030,47.0
China,Load factor (%),Base Case,2020,50.0
China,Load factor (%),Base Case,2023,48.0
China,Load factor (%),Base Case,2024,48.0
China,Load factor (%),Base Case,2030,47.0
World,Total electricity consumption (TWh),Base Case,2020,269.0
World,Total electricity consumption (TWh),Base Case,2023,361.0
World,Total electricity consumption (TWh),Base Case,2024,416.0
World,Total electricity consumption (TWh),Base Case,2030,946.0
North America,Total electricity consumption (TWh),Base Case,2020,112.0
North America,Total electricity consumption (TWh),Base Case,2023,158.0
North America,Total electricity consumption (TWh),Base Case,2024,187.0
North America,Total electricity consumption (TWh),Base Case,2030,434.0
United States,Total electricity consumption (TWh),Base Case,2020,108.0
United States,Total electricity consumption (TWh),Base Case,2023,154.0
United States,Total electricity consumption (TWh),Base Case,2024,183.0
United States,Total electricity consumption (TWh),Base Case,2030,426.0
Central and South America,Total electricity consumption (TWh),Base Case,2020,1.5
Central and South America,Total electricity consumption (TWh),Base Case,2023,1.5
Central and South America,Total electricity consumption (TWh),Base Case,2024,1.7
Central and South America,Total electricity consumption (TWh),Base Case,2030,3.3
Europe,Total electricity consumption (TWh),Base Case,2020,57.0
Europe,Total electricity consumption (TWh),Base Case,2023,66.0
Europe,Total electricity consumption (TWh),Base Case,2024,68.0
Europe,Total electricity consumption (TWh),Base Case,2030,113.0
Africa,Total electricity consumption (TWh),Base Case,2020,1.1
Africa,Total electricity consumption (TWh),Base Case,2023,1.3
Africa,Total electricity consumption (TWh),Base Case,2024,1.4
Africa,Total electricity consumption (TWh),Base Case,2030,2.9
Middle East,Total electricity consumption (TWh),Base Case,2020,1.1
Middle East,Total electricity consumption (TWh),Base Case,2023,1.3
Middle East,Total electricity consumption (TWh),Base Case,2024,1.5
Middle East,Total electricity consumption (TWh),Base Case,2030,3.0
Asia Pacific,Total electricity consumption (TWh),Base Case,2020,93.0
Asia Pacific,Total electricity consumption (TWh),Base Case,2023,128.0
Asia Pacific,Total electricity consumption (TWh),Base Case,2024,150.0
Asia Pacific,Total electricity consumption (TWh),Base Case,2030,378.0
China,Total electricity consumption (TWh),Base Case,2020,62.0
China,Total electricity consumption (TWh),Base Case,2023,84.0
China,Total electricity consumption (TWh),Base Case,2024,102.0
China,Total electricity consumption (TWh),Base Case,2030,277.0
World,IT electricity consumption (TWh),Base Case,2020,176.0
World,IT electricity consumption (TWh),Base Case,2023,252.0
World,IT electricity consumption (TWh),Base Case,2024,295.0
World,IT electricity consumption (TWh),Base Case,2030,733.0
North America,IT electricity consumption (TWh),Base Case,2020,80.0
North America,IT electricity consumption (TWh),Base Case,2023,120.0
North America,IT electricity consumption (TWh),Base Case,2024,142.0
North America,IT electricity consumption (TWh),Base Case,2030,351.0
United States,IT electricity consumption (TWh),Base Case,2020,78.0
United States,IT electricity consumption (TWh),Base Case,2023,117.0
United States,IT electricity consumption (TWh),Base Case,2024,139.0
United States,IT electricity consumption (TWh),Base Case,2030,345.0
Central and South America,IT electricity consumption (TWh),Base Case,2020,0.8
Central and South America,IT electricity consumption (TWh),Base Case,2023,0.8
Central and South America,IT electricity consumption (TWh),Base Case,2024,1.0
Central and South America,IT electricity consumption (TWh),Base Case,2030,2.2
Europe,IT electricity consumption (TWh),Base Case,2020,36.0
Europe,IT electricity consumption (TWh),Base Case,2023,45.0
Europe,IT electricity consumption (TWh),Base Case,2024,47.0
Europe,IT electricity consumption (TWh),Base Case,2030,88.0
Africa,IT electricity consumption (TWh),Base Case,2020,0.6
Africa,IT electricity consumption (TWh),Base Case,2023,0.7
Africa,IT electricity consumption (TWh),Base Case,2024,0.8
Africa,IT electricity consumption (TWh),Base Case,2030,1.8
Middle East,IT electricity consumption (TWh),Base Case,2020,0.5
Middle East,IT electricity consumption (TWh),Base Case,2023,0.7
Middle East,IT electricity consumption (TWh),Base Case,2024,0.8
Middle East,IT electricity consumption (TWh),Base Case,2030,1.7
Asia Pacific,IT electricity consumption (TWh),Base Case,2020,55.0
Asia Pacific,IT electricity consumption (TWh),Base Case,2023,82.0
Asia Pacific,IT electricity consumption (TWh),Base Case,2024,100.0
Asia Pacific,IT electricity consumption (TWh),Base Case,2030,281.0
China,IT electricity consumption (TWh),Base Case,2020,37.0
China,IT electricity consumption (TWh),Base Case,2023,54.0
China,IT electricity consumption (TWh),Base Case,2024,68.0
China,IT electricity consumption (TWh),Base Case,2030,205.0
